id,collection_code,objectid,objectname,originalname,itemtype,comment,image_link,link_bgg
682ae748-eaad-4131-a538-ba79641560ce,0LXSM,41,¡No puedo parar!,Can't Stop,standalone,,https://cf.geekdo-images.com/nMitZr9Lu4Ux7LLqBy7Z8A__original/img/A_bSjGJJXDFfSocVclabxi8ArY8=/0x0/filters:format(png)/pic6875169.png,https://boardgamegeek.com/boardgame/41/cant-stop
7cc1dff1-6d4c-4f2b-8f5c-854f4589dbe7,0LXSM,207830,5-Minute Dungeon,5-Minute Dungeon,standalone,,https://cf.geekdo-images.com/bFZKvxPJ23dzGwgpOg-mIA__original/img/Pi321k82TYCMy0v6GqKZ3LHvBYM=/0x0/filters:format(png)/pic3213622.png,https://boardgamegeek.com/boardgame/207830/5-minute-dungeon
5edd6172-2757-4a3b-972f-310e241cce03,0LXSM,313008,Apollo: A Game Inspired by NASA Moon Missions,Apollo: A Game Inspired by NASA Moon Missions,standalone,,https://cf.geekdo-images.com/Y6PC5moGta-awvovb4tLxQ__original/img/w0BJIAARsUYhWK3H4g9GwFdPOzI=/0x0/filters:format(jpeg)/pic6149144.jpg,https://boardgamegeek.com/boardgame/313008/apollo-a-game-inspired-by-nasa-moon-missions
40fed64b-7f09-4e8a-8215-4988eed7ee64,0LXSM,118,Arte Moderno,Modern Art,standalone,,https://cf.geekdo-images.com/wLto-xaabHwKQe_Bc4iD1Q__original/img/s3Gai8XBTVfWFFlYpL4XF3kIlWU=/0x0/filters:format(png)/pic3458036.png,https://boardgamegeek.com/boardgame/118/modern-art
b130a87d-afdf-4da0-ae17-428c684150f9,0LXSM,211534,Bears vs Babies,Bears vs Babies,standalone,,https://cf.geekdo-images.com/2BZROogBECvPPF2780wlvg__original/img/LAUIOIEPo54Qis-r8FDiE6kqqh4=/0x0/filters:format(jpeg)/pic5521191.jpg,https://boardgamegeek.com/boardgame/211534/bears-vs-babies
9cc6eb03-b972-4fd0-ba08-d1844bc0eaeb,0LXSM,10547,Betrayal at House on the Hill,Betrayal at House on the Hill,standalone,,https://cf.geekdo-images.com/lqmt2Oti_qJS65XqHcB8AA__original/img/7R6yYk8A2eUMmSDaxGjae5SceGI=/0x0/filters:format(png)/pic5146864.png,https://boardgamegeek.com/boardgame/10547/betrayal-at-house-on-the-hill
2922936a-6294-4fdd-898a-7a1171dd0c83,0LXSM,383009,Block Block Burrito,Block Block Burrito,expansion,,https://cf.geekdo-images.com/gXfHgATqHT53ywh40PbkLA__original/img/pjQQUPLVVbgIqPgfM97CFrp867Q=/0x0/filters:format(png)/pic7428154.png,https://boardgamegeek.com/boardgameexpansion/383009/block-block-burrito
bf4da679-5ace-4a3d-b67b-6ef1ac46679d,0LXSM,413246,Bomb Busters,Bomb Busters,standalone,,https://cf.geekdo-images.com/HpGXIlt5i6T-0jbiQRReOg__original/img/2uApg8IOYjNVSzbUIwJUa-Z8eL8=/0x0/filters:format(png)/pic8303080.png,https://boardgamegeek.com/boardgame/413246/bomb-busters
16bbe2a1-c5ab-4f47-bd3d-cae3f11ac89e,0LXSM,332386,Brew,Brew,standalone,,https://cf.geekdo-images.com/8eN5t1p4ncee-eVN9NswDA__original/img/Hhv8kruqZZH1vv5W7gR7QXNZ_KM=/0x0/filters:format(png)/pic6007253.png,https://boardgamegeek.com/boardgame/332386/brew
8064a9bc-11f6-44c6-be40-dfd08ed210a1,0LXSM,359502,Casting Shadows,Casting Shadows,standalone,,https://cf.geekdo-images.com/FLE6snOm5xbufQixZ7DUIA__original/img/3IRmWsZrQMZwVLjM02Po7hjcORk=/0x0/filters:format(jpeg)/pic6806844.jpg,https://boardgamegeek.com/boardgame/359502/casting-shadows
1dcf3dc1-315e-423a-b8a0-c8f0f8e4dc6d,0LXSM,365761,Casting Shadows: Exclusive Edition,Casting Shadows: Exclusive Edition,standalone,,https://cf.geekdo-images.com/tmS8UWNpgYUqdsENvn28ig__original/img/Db_fcU4U_EfKj_JJA0aJ78voqbE=/0x0/filters:format(jpeg)/pic6801153.jpg,https://boardgamegeek.com/boardgame/365761/casting-shadows-exclusive-edition
33d1427e-2d0c-425b-a471-0721f80a152b,0LXSM,360485,Casting Shadows: Lucky Skipper / Lucky the Unstable Player Board,Casting Shadows: Lucky Skipper / Lucky the Unstable Player Board,expansion,,https://cf.geekdo-images.com/HbEbN6Zj3-A-TCNv_-M1WQ__original/img/Z2oGp_kXxpqPEjP0p8lzyLtmnwI=/0x0/filters:format(jpeg)/pic7181512.jpg,https://boardgamegeek.com/boardgameexpansion/360485/casting-shadows-lucky-skipper--lucky-the-unstable-player-board
73e022c1-0589-496a-bac9-250fb966a491,0LXSM,360484,Casting Shadows: The Ice Storm Expansion,Casting Shadows: The Ice Storm Expansion,expansion,,https://cf.geekdo-images.com/Rw01uZMcKYLvni0qeyVOTg__original/img/I7kBzXflrzAdll7NVd07pkeK_nw=/0x0/filters:format(jpeg)/pic6806845.jpg,https://boardgamegeek.com/boardgameexpansion/360484/casting-shadows-the-ice-storm-expansion
98a09a63-68e2-40e0-aed5-d3b339e18610,0LXSM,392200,Casting Shadows: The Molten Rock Expansion,Casting Shadows: The Molten Rock Expansion,expansion,,https://cf.geekdo-images.com/d8OKP2VcuLXC6Ab-sd1IPA__original/img/wrmkobethPeqzDAYs80wvihK6x0=/0x0/filters:format(jpeg)/pic7616515.jpg,https://boardgamegeek.com/boardgameexpansion/392200/casting-shadows-the-molten-rock-expansion
3a9bd6aa-2693-4a9d-b677-21ac21599b83,0LXSM,345972,Cat in the Box: Deluxe Edition,Cat in the Box: Deluxe Edition,standalone,,https://cf.geekdo-images.com/M1gT_9LjNqUzAx3RAqdGRQ__original/img/euRCLPNg4Zpqqtvwdcjvbrna9JQ=/0x0/filters:format(jpeg)/pic6731829.jpg,https://boardgamegeek.com/boardgame/345972/cat-in-the-box-deluxe-edition
153b58ca-b9b6-4577-a365-65b20f9a3493,0LXSM,359893,Chao Pescao!,Sounds Fishy,standalone,,https://cf.geekdo-images.com/rE37bpTHbMlei9RJYCJPoQ__original/img/XIpnIu6CqsVQNJ6yqD8iQVP9IVg=/0x0/filters:format(png)/pic6938099.png,https://boardgamegeek.com/boardgame/359893/sounds-fishy
7b5b466b-1b67-4154-9520-a625846077a3,0LXSM,377061,Coffee Rush,Coffee Rush,standalone,,https://cf.geekdo-images.com/LdK5ItPPwIHKUITxh3vqxA__original/img/gKSzzvUhpCYH1PjIzSYo9ffxSoM=/0x0/filters:format(jpeg)/pic7275386.jpg,https://boardgamegeek.com/boardgame/377061/coffee-rush
3c4d10ff-bcbd-4c26-a6c1-f71e27ac5e20,0LXSM,390422,Command of Nature,Command of Nature,standalone,,https://cf.geekdo-images.com/2n-CNMTJ6cPEPaeAzKWCeg__original/img/jDaOE8GMqbd_UO3x2HYtYq3qTvU=/0x0/filters:format(png)/pic7570458.png,https://boardgamegeek.com/boardgame/390422/command-of-nature
904b6a7e-ce82-4118-be73-89ba9f107b69,0LXSM,392144,Command of Nature: Sand & Wind,Command of Nature: Sand & Wind,expansion,,https://cf.geekdo-images.com/kpZdLMdpC2fxn8OIBsjlpQ__original/img/bhrX0ZhsUiUboAMS1VSoM3tp2p0=/0x0/filters:format(jpeg)/pic7616507.jpg,https://boardgamegeek.com/boardgameexpansion/392144/command-of-nature-sand--wind
f22ab1af-d55d-4b79-b717-b6b590681ed8,0LXSM,121193,Cover Your Assets,Cover Your Assets,standalone,,https://cf.geekdo-images.com/dQiQjpVa7mGbyAmrmQsQIA__original/img/rYZzD572CBJk8I7Ha-B2CvA9gcs=/0x0/filters:format(jpeg)/pic8689177.jpg,https://boardgamegeek.com/boardgame/121193/cover-your-assets
e6a26974-c071-4857-857c-a4aedb5d906b,0LXSM,393429,Critter Kitchen,Critter Kitchen,standalone,,https://cf.geekdo-images.com/w72-A0u4uH2j_YqGwu4E0w__original/img/TPAyEsDHcvMyr31_Bds-ZP3TvOU=/0x0/filters:format(jpeg)/pic7594267.jpg,https://boardgamegeek.com/boardgame/393429/critter-kitchen
848890be-1406-44b4-b86d-b3a1d7b4c284,0LXSM,414479,Critter Kitchen: À La Cart,Critter Kitchen: À La Cart,expansion,,https://cf.geekdo-images.com/jVGndVWLyrhmAoEO488B_w__original/img/oiURqzF2l1DfJUZRJsVuZOQ3rgY=/0x0/filters:format(jpeg)/pic9052961.jpg,https://boardgamegeek.com/boardgameexpansion/414479/critter-kitchen--la-cart
ace6d048-dcbe-46e5-b2f2-78c1c1ac65fd,0LXSM,358246,Dead by Daylight: The Board Game,Dead by Daylight: The Board Game,standalone,,https://cf.geekdo-images.com/fpnjJSQWpAh1WZW3zJ807A__original/img/lWPkHX50mPuo7qmCOtMSXLUnnuI=/0x0/filters:format(jpeg)/pic6727475.jpg,https://boardgamegeek.com/boardgame/358246/dead-by-daylight-the-board-game
d326d685-3c08-426b-9678-aa7ec9375d8a,0LXSM,397931,Deep Regrets,Deep Regrets,standalone,,https://cf.geekdo-images.com/WUvpRzsNSZgq1gyvjiQcWw__original/img/wXnREOcKLkysXorXqRQXKslz-iI=/0x0/filters:format(jpeg)/pic8156363.jpg,https://boardgamegeek.com/boardgame/397931/deep-regrets
36154342-c8a2-4259-a024-d1c544c77551,0LXSM,421471,Deep Regrets: Lamentable Tentacles Mini-Expansion,Deep Regrets: Lamentable Tentacles Mini-Expansion,expansion,,https://cf.geekdo-images.com/fc4q35iV-qG26y3qXcs4wQ__original/img/htwpppXFy6laYh2zBKUhbKKuj8k=/0x0/filters:format(png)/pic8296509.png,https://boardgamegeek.com/boardgameexpansion/421471/deep-regrets-lamentable-tentacles-mini-expansion
4693403d-7a0b-4579-81aa-f5e021f5c7b9,0LXSM,369646,Disney Lorcana,Disney Lorcana,standalone,,https://cf.geekdo-images.com/yATIBXRz67ltSBxHwZLosg__original/img/c6DGzaqwqLN3Bb5mRXAXSckVngo=/0x0/filters:format(png)/pic7036897.png,https://boardgamegeek.com/boardgame/369646/disney-lorcana
6f2c661a-ba03-47f1-b186-aa774aed253c,0LXSM,430124,Disney Lorcana: Azurite Sea,Disney Lorcana: Azurite Sea,expansion,,https://cf.geekdo-images.com/Dfre5mABa739mpZgY1zY3A__original/img/s7qHe-tDNMilDi6vbAwO_RjoDPg=/0x0/filters:format(jpeg)/pic8870785.jpg,https://boardgamegeek.com/boardgameexpansion/430124/disney-lorcana-azurite-sea
59406453-48b6-4d8c-ad58-954caa2ea7ec,0LXSM,423689,Disney Lorcana: Gateway,Disney Lorcana: Gateway,standalone,,https://cf.geekdo-images.com/nv7I16GQrrWQ01e3RSXTew__original/img/ekJI8jCJymQ6-gJlw6MZSjbfi2M=/0x0/filters:format(png)/pic8272749.png,https://boardgamegeek.com/boardgame/423689/disney-lorcana-gateway
49661e2b-fec3-413a-bbf7-62a99fd638b9,0LXSM,410813,Disney Lorcana: Into the Inklands,Disney Lorcana: Into the Inklands,expansion,,https://cf.geekdo-images.com/LFZjqGWVKzOlsPSjoukwvg__original/img/BwL6-dhSGYQJIz3AWnDE5_dI008=/0x0/filters:format(jpeg)/pic8464134.jpg,https://boardgamegeek.com/boardgameexpansion/410813/disney-lorcana-into-the-inklands
1a740776-ceed-42a1-aae2-dd7c9b11d91c,0LXSM,446207,Disney Lorcana: Reign of Jafar,Disney Lorcana: Reign of Jafar,expansion,,https://cf.geekdo-images.com/ev5wiqWzNkshQo1ncO0whQ__original/img/HFZaCH1RxYhrEq-QZ5pL2aEqA00=/0x0/filters:format(png)/pic8870747.png,https://boardgamegeek.com/boardgameexpansion/446207/disney-lorcana-reign-of-jafar
9abc9440-6ffd-4421-8fbf-746486bcaf7f,0LXSM,423687,Disney Lorcana: Shimmering Skies,Disney Lorcana: Shimmering Skies,expansion,,https://cf.geekdo-images.com/0rvNg_uLYSFkz8mG5n3Gpw__original/img/4go4-AtIKZpQbJoirfGubN937cU=/0x0/filters:format(jpeg)/pic8296187.jpg,https://boardgamegeek.com/boardgameexpansion/423687/disney-lorcana-shimmering-skies
3363b29c-9c8d-483f-800c-141e9bb88cff,0LXSM,403508,Disney Lorcana: The First Chapter,Disney Lorcana: The First Chapter,expansion,,https://cf.geekdo-images.com/U8D46LbAtCrv41NNNOdNvA__original/img/VJI8GQY0lllZk_B7M7DmMNjI0ak=/0x0/filters:format(jpeg)/pic8296440.jpg,https://boardgamegeek.com/boardgameexpansion/403508/disney-lorcana-the-first-chapter
21320d80-d288-4d42-ac99-62f9e54b8a4a,0LXSM,423295,Disney Lorcana: Ursula's Return,Disney Lorcana: Ursula's Return,expansion,,https://cf.geekdo-images.com/sksdL1jzWNooeSZDmTv1Gw__original/img/jOv82hzMK86-vo_9bliOYVIa-7Q=/0x0/filters:format(jpeg)/pic8296204.jpg,https://boardgamegeek.com/boardgameexpansion/423295/disney-lorcana-ursulas-return
4b6a7f69-a926-4c5d-bcec-1e847e0ee7fe,0LXSM,365581,Disney Sorcerer's Arena: Epic Alliances – Thrills & Chills,Disney Sorcerer's Arena: Epic Alliances – Thrills & Chills,expansion,,https://cf.geekdo-images.com/FiO6_795hqJaeFKFequgwA__original/img/WGD3x6Aj3lPikhDOjvgEMq7OiyM=/0x0/filters:format(jpeg)/pic6992311.jpg,https://boardgamegeek.com/boardgameexpansion/365581/disney-sorcerers-arena-epic-alliances--thrills--chills
32d70836-ce90-428f-b5ea-999bf376a47a,0LXSM,357746,Disney Sorcerer's Arena: Epic Alliances Core Set,Disney Sorcerer's Arena: Epic Alliances Core Set,standalone,,https://cf.geekdo-images.com/iecrCu5ZVAE4B0X4h97m3Q__original/img/WlIl7SwtEtO_Lbc7yzGQeG-kyoc=/0x0/filters:format(jpeg)/pic6706402.jpg,https://boardgamegeek.com/boardgame/357746/disney-sorcerers-arena-epic-alliances-core-set
c05590c4-a55f-4176-b420-d467d07e5acf,0LXSM,352764,Disney Villainous: Bigger and Badder,Disney Villainous: Bigger and Badder,standalone,,https://cf.geekdo-images.com/p2AffonSuYOAnxCm7KGzCQ__original/img/8nret2QbaYDLOeJf-qjv2LbNgz0=/0x0/filters:format(png)/pic6560851.png,https://boardgamegeek.com/boardgame/352764/disney-villainous-bigger-and-badder
aa7961c0-ea77-4df5-ace1-98d29a27429a,0LXSM,331050,Disney Villainous: Despicable Plots,Disney Villainous: Despicable Plots,standalone,,https://cf.geekdo-images.com/Cjb2U8tHS1N1RCDThguFIg__original/img/pyJkjZBOIbGwp5NDGhMlm2bGg7w=/0x0/filters:format(png)/pic5974997.png,https://boardgamegeek.com/boardgame/331050/disney-villainous-despicable-plots
aff0fad4-4fd8-4c63-a307-adda8370b8ac,0LXSM,284760,Disney Villainous: Evil Comes Prepared,Disney Villainous: Evil Comes Prepared,standalone,,https://cf.geekdo-images.com/iEfri2p4Vqh6QFIxc5IlCg__original/img/it21m6c_rGzW6-K8aGDtbDswGAk=/0x0/filters:format(jpeg)/pic4849477.jpg,https://boardgamegeek.com/boardgame/284760/disney-villainous-evil-comes-prepared
7436ec7c-ce30-43e1-98b9-7550beddcea9,0LXSM,391217,Disney Villainous: Filled with Fright,Disney Villainous: Filled with Fright,expansion,,https://cf.geekdo-images.com/Uh8K9fjlfump5oPDDvVZUQ__original/img/3pIEOeCQJBHGNYD6YvmiMtk0BIk=/0x0/filters:format(png)/pic7556034.png,https://boardgamegeek.com/boardgameexpansion/391217/disney-villainous-filled-with-fright
7bfbee56-d8dd-43b6-bc24-9c4879a0cc61,0LXSM,391561,Disney Villainous: Introduction to Evil,Disney Villainous: Introduction to Evil,standalone,,https://cf.geekdo-images.com/4yZc588BSpRj7B7T1p2D-Q__original/img/B99VmvjHcksLfVepiMWJa6YtyQM=/0x0/filters:format(png)/pic8272755.png,https://boardgamegeek.com/boardgame/391561/disney-villainous-introduction-to-evil
56248cdb-3e47-4af8-84f6-5c751a214931,0LXSM,299047,Disney Villainous: Perfectly Wretched,Disney Villainous: Perfectly Wretched,standalone,,https://cf.geekdo-images.com/luhDc_P5vImhEiiwVt8IgA__original/img/M6thVohYkKMerLClgOpLLgDoN4k=/0x0/filters:format(png)/pic5172286.png,https://boardgamegeek.com/boardgame/299047/disney-villainous-perfectly-wretched
4c9d49de-75ab-4ffe-ab01-1e4d0dbd9b62,0LXSM,411003,Disney Villainous: Sugar and Spite,Disney Villainous: Sugar and Spite,standalone,,https://cf.geekdo-images.com/zLLrkvUXpOvA_5Uvc8e2UQ__original/img/_uxrza4OYL_OJF7uQ7PveYohPLo=/0x0/filters:format(png)/pic7949384.png,https://boardgamegeek.com/boardgame/411003/disney-villainous-sugar-and-spite
e65bc125-9b29-4cf6-b5c7-fdf13b92097d,0LXSM,256382,Disney Villainous: The Worst Takes it All,Disney Villainous: The Worst Takes it All,standalone,,https://cf.geekdo-images.com/7Ej5V5Dq92QdvVFvISfl_A__original/img/XHykA7cqZ0F4tYiKXw095TvHRno=/0x0/filters:format(jpeg)/pic4216110.jpg,https://boardgamegeek.com/boardgame/256382/disney-villainous-the-worst-takes-it-all
7434f9bc-25ea-4104-876d-d34d26a6f319,0LXSM,271518,Disney Villainous: Wicked to the Core,Disney Villainous: Wicked to the Core,standalone,,https://cf.geekdo-images.com/StWdDnw-pdafavsxZHEc-Q__original/img/HEeGUzR0LEU4ve3TfxIn29dtiNA=/0x0/filters:format(jpeg)/pic4559890.jpg,https://boardgamegeek.com/boardgame/271518/disney-villainous-wicked-to-the-core
16bfd16d-45e7-42de-a10d-9ba77257ade5,0LXSM,416087,Disney Villains: Gemas De Poder,Disney Villains: Gemas De Poder,standalone,,https://cf.geekdo-images.com/t5GjsrYJ6uxq_xzEKXiy5g__original/img/UiS1qCUlZNqvqnWCdyXWrgS-3RY=/0x0/filters:format(jpeg)/pic8258115.jpg,https://boardgamegeek.com/boardgame/416087/disney-villains-gemas-de-poder
795901bf-8ef5-4dd7-aafb-8afc74882928,0LXSM,254683,Dodos Riding Dinos,Dodos Riding Dinos,standalone,,https://cf.geekdo-images.com/qqpMTyv4vy-q7qYpl0NLFA__original/img/zOuoaKc0Q3Zc8m1gJLxGJlqvrXI=/0x0/filters:format(png)/pic5182751.png,https://boardgamegeek.com/boardgame/254683/dodos-riding-dinos
0db8dc4f-64b7-4034-a695-c1ec0461d07c,0LXSM,363278,Dodos Riding Dinos: Dodo Dash,Dodos Riding Dinos: Dodo Dash,standalone,,https://cf.geekdo-images.com/fJLqDIOlhxplIFenSxUfew__original/img/hNeyN7eF_837jPOsr4_ve2vymgM=/0x0/filters:format(jpeg)/pic6919814.jpg,https://boardgamegeek.com/boardgame/363278/dodos-riding-dinos-dodo-dash
8b64ed5a-0fb0-44a5-86b0-463eea919a88,0LXSM,395906,Exploding Kittens: Good Vs Evil,Exploding Kittens: Good Vs Evil,standalone,,https://cf.geekdo-images.com/VwOSk5hqgFJLDPPbX0lqDQ__original/img/hRuMCnc1ltpFnqQwW1mdU1tNzM8=/0x0/filters:format(png)/pic7633899.png,https://boardgamegeek.com/boardgame/395906/exploding-kittens-good-vs-evil
75dd7f96-d462-4c3b-a3e2-785d7e571dde,0LXSM,256804,Exploding Kittens: Party Pack,Exploding Kittens: Party Pack,standalone,,https://cf.geekdo-images.com/TTsbFSWQjf6ALCmct9Q02g__original/img/X5tRRwzB7DK-hkna5VocAS6Kx0w=/0x0/filters:format(png)/pic5940391.png,https://boardgamegeek.com/boardgame/256804/exploding-kittens-party-pack
0228e05b-9e4b-4a8f-b297-b7bcddca9104,0LXSM,343282,Exploding Kittens: Recipes for Disaster,Exploding Kittens: Recipes for Disaster,standalone,,https://cf.geekdo-images.com/gbw-3lRou0Xa3hXhGmxLyw__original/img/WoPpM4Wc9MK-wgC8kNyMV-RrESg=/0x0/filters:format(jpeg)/pic6305890.jpg,https://boardgamegeek.com/boardgame/343282/exploding-kittens-recipes-for-disaster
ca8585af-4272-454e-8af8-b37bc6153522,0LXSM,260214,Exploding Kittens: Streaking Kittens,Exploding Kittens: Streaking Kittens,expansion,,https://cf.geekdo-images.com/NTKDuf6oQOXTYLP56elQ7w__original/img/5KNUp6geyom1XMopini-QYwSRZ0=/0x0/filters:format(jpeg)/pic4385457.jpg,https://boardgamegeek.com/boardgameexpansion/260214/exploding-kittens-streaking-kittens
fffc1dc3-b745-4876-a4ee-0dbd159e8443,0LXSM,346205,Explorers of the Woodlands,Explorers of the Woodlands,standalone,,https://cf.geekdo-images.com/LA0EJtun_-1KZsu0Yznxlg__original/img/Ne5wDW9C6-hk4tK_icKrGjNKMtE=/0x0/filters:format(png)/pic6753479.png,https://boardgamegeek.com/boardgame/346205/explorers-of-the-woodlands
84b3b8f4-4a7e-479b-b0b1-a1c20b38bdb6,0LXSM,385761,Faraway,Faraway,standalone,,https://cf.geekdo-images.com/u1cwi9BWSKsPxSkVO0BzbA__original/img/jTY6_PRF6FrUgInfMajzobVy0S8=/0x0/filters:format(png)/pic7570101.png,https://boardgamegeek.com/boardgame/385761/faraway
7cb70689-bda7-4d9f-ace1-ff243ae71bdb,0LXSM,140,La Feria de las Pulgas de Titirilquén,Pit,standalone,,https://cf.geekdo-images.com/LkEPNu7bPTS1rVRU_Ba-Dg__original/img/rLq4S5WQ8ns2Ez3n3RIwe1_ZI8Y=/0x0/filters:format(jpeg)/pic423644.jpg,https://boardgamegeek.com/boardgame/140/pit
ff754478-9709-4737-8440-19767a1f65a0,0LXSM,436892,Fierro Viejo,Fierro Viejo,standalone,,https://cf.geekdo-images.com/oKMdL5bJi6GpOYdR_kuRzw__original/img/0eNi9S73_QekmyuJDtVXQG-bM58=/0x0/filters:format(jpeg)/pic8640047.jpg,https://boardgamegeek.com/boardgame/436892/fierro-viejo
e2ad7dfb-7b42-479e-bdf6-7e1359a15385,0LXSM,277659,Final Girl,Final Girl,standalone,,https://cf.geekdo-images.com/TUtzY-F7gKTIKm9y8e1AQw__original/img/vpBmnZOOyLZA4va7N6S8j9NyGPQ=/0x0/filters:format(jpeg)/pic6520382.jpg,https://boardgamegeek.com/boardgame/277659/final-girl
cb5b6b9f-3acf-4115-89c5-b1949e19b2a6,0LXSM,307686,Final Girl: Carnage at the Carnival,Final Girl: Carnage at the Carnival,expansion,,https://cf.geekdo-images.com/iEGnWjR-7V4dcnN-c6-GJQ__original/img/YsyLqgKpADjCFw4g3_ivLIBJmtw=/0x0/filters:format(jpeg)/pic7486293.jpg,https://boardgamegeek.com/boardgameexpansion/307686/final-girl-carnage-at-the-carnival
8bc4909f-44e8-436a-acdd-6f0d346561e3,0LXSM,354775,Final Girl: Into the Void,Final Girl: Into the Void,expansion,,https://cf.geekdo-images.com/oqOj6KyCuDfhCWvEkuYDyQ__original/img/XAzTcYl9Cxw15kNwf_78WGxpgcw=/0x0/filters:format(jpeg)/pic8701606.jpg,https://boardgamegeek.com/boardgameexpansion/354775/final-girl-into-the-void
f4f099b4-a623-48a5-ac76-807b23c35f76,0LXSM,354776,Final Girl: Panic at Station 2891,Final Girl: Panic at Station 2891,expansion,,https://cf.geekdo-images.com/-UviE4fKJrlxdOwtGoLt7A__original/img/3a8RrFHo-8lAHVcz0kzlzVzRujE=/0x0/filters:format(jpeg)/pic8701605.jpg,https://boardgamegeek.com/boardgameexpansion/354776/final-girl-panic-at-station-2891
b38cfd77-1b08-4da4-a70a-293785500667,0LXSM,307687,Final Girl: Slaughter in the Groves,Final Girl: Slaughter in the Groves,expansion,,https://cf.geekdo-images.com/AzMtaZy1CtJFXruiWcqW0Q__original/img/BaU7Brz307BCT4qC0fXuAG86C6o=/0x0/filters:format(jpeg)/pic7486294.jpg,https://boardgamegeek.com/boardgameexpansion/307687/final-girl-slaughter-in-the-groves
20b53752-2602-4c19-9a18-fbcc46cdcbd9,0LXSM,386835,Final Girl: Starter Set,Final Girl: Starter Set,standalone,,https://cf.geekdo-images.com/qODXwrYYGp4E2rBQITIKBQ__original/img/FmeJ5pOkwr4GESkTc6GhqpECTSc=/0x0/filters:format(jpeg)/pic7694620.jpg,https://boardgamegeek.com/boardgame/386835/final-girl-starter-set
e3470055-72aa-4a2a-bfb5-d559224371fd,0LXSM,310177,Final Girl: Terror From Above,Final Girl: Terror From Above,expansion,,https://cf.geekdo-images.com/y4G_nlgi6Fmt_QtP0Nvytw__original/img/2kQdykRXAnkTKbzezy0RxAoDRR4=/0x0/filters:format(jpeg)/pic6515574.jpg,https://boardgamegeek.com/boardgameexpansion/310177/final-girl-terror-from-above
c2164ba2-867b-46e4-b587-9d23eb47a3ae,0LXSM,354824,Final Girl: Terror from the Grave,Final Girl: Terror from the Grave,expansion,,https://cf.geekdo-images.com/BhFZSw4jfa8oEnvww87yvA__original/img/AuSzs7m-UxVYxsyBOukX_aUT0JU=/0x0/filters:format(png)/pic8689476.png,https://boardgamegeek.com/boardgameexpansion/354824/final-girl-terror-from-the-grave
8b711fdd-da7d-454d-9806-148608d40097,0LXSM,307683,Final Girl: The Happy Trails Horror,Final Girl: The Happy Trails Horror,expansion,,https://cf.geekdo-images.com/1rf6L2NfsM4LTIH9KwHJkg__original/img/Duq3Zkvlajxqsy7Vh1scYKru70M=/0x0/filters:format(jpeg)/pic6520341.jpg,https://boardgamegeek.com/boardgameexpansion/307683/final-girl-the-happy-trails-horror
f51696ce-be81-4f44-83f2-01e65db668ad,0LXSM,307684,Final Girl: The Haunting of Creech Manor,Final Girl: The Haunting of Creech Manor,expansion,,https://cf.geekdo-images.com/pqDC5bYzMQJI1tnIWRRxjg__original/img/I0b05TiRWm17TCPohpenJJKdTFA=/0x0/filters:format(jpeg)/pic6520315.jpg,https://boardgamegeek.com/boardgameexpansion/307684/final-girl-the-haunting-of-creech-manor
e228b19a-7483-46d2-a9a5-a9d78979aa2c,0LXSM,357963,Fire In The Hole,Fire In The Hole,standalone,,https://cf.geekdo-images.com/vSh1KYIZlFrVIAAF4bStFw__original/img/pa3vSvw_nDdQPXRF089T4lgtFY0=/0x0/filters:format(jpeg)/pic6714189.jpg,https://boardgamegeek.com/boardgame/357963/fire-in-the-hole
ccd8aae4-3771-4f18-b48f-34b820f93de4,0LXSM,226605,Fire Tower,Fire Tower,standalone,,https://cf.geekdo-images.com/smRx-veml48bWTsDJFzisQ__original/img/mohzMKSzwV8rK5gsW1cIHz3dJww=/0x0/filters:format(jpeg)/pic4081152.jpg,https://boardgamegeek.com/boardgame/226605/fire-tower
fc951f1e-b9da-4001-9b1b-e745ad31a25d,0LXSM,1472,Five Crowns,Five Crowns,standalone,,https://cf.geekdo-images.com/sPc6K1gC--QrGHkdCmD8MQ__original/img/oWAwl_4jKymtzwQ2TyuWPKJKITo=/0x0/filters:format(jpeg)/pic2869930.jpg,https://boardgamegeek.com/boardgame/1472/five-crowns
2129e89c-37e4-482f-bec8-4d5b73d7ca8f,0LXSM,336986,Flamecraft,Flamecraft,standalone,,https://cf.geekdo-images.com/EvGtnsBDcfnKiqSiXHothQ__original/img/7yj8nA0ObuZ1w5AYCThEOK6meWA=/0x0/filters:format(jpeg)/pic6605448.jpg,https://boardgamegeek.com/boardgame/336986/flamecraft
3c7a9e48-2a89-4d6b-88c7-b9353c595d9f,0LXSM,420087,Flip 7,Flip 7,standalone,,https://cf.geekdo-images.com/YrQxEB9Ef0kQorRApzG5vQ__original/img/hK6k-x_GYfooemrkkRuF0bTvKxE=/0x0/filters:format(jpeg)/pic8780246.jpg,https://boardgamegeek.com/boardgame/420087/flip-7
9db438f1-bc2c-46a9-b3fb-8757692fac14,0LXSM,292033,Funkoverse Strategy Game: DC Comics 101,Funkoverse Strategy Game: DC Comics 101,standalone,,https://cf.geekdo-images.com/CvYA0TWQd-OH2rJYTR6Neg__original/img/kXGW7rXkE8XCI61e7aInUQYpiNI=/0x0/filters:format(png)/pic5008388.png,https://boardgamegeek.com/boardgame/292033/funkoverse-strategy-game-dc-comics-101
804ae291-d802-4d35-89a8-9ae9e6efe50c,0LXSM,292029,Funkoverse Strategy Game: Golden Girls 100,Funkoverse Strategy Game: Golden Girls 100,standalone,,https://cf.geekdo-images.com/khMVVPVDgpTzKL35BEveHQ__original/img/im4q2JbyZZLaati_ON0KMUHQj0k=/0x0/filters:format(png)/pic5008396.png,https://boardgamegeek.com/boardgame/292029/funkoverse-strategy-game-golden-girls-100
1cc9af16-ae10-416e-a91c-3073f52d2e34,0LXSM,292031,Funkoverse Strategy Game: Harry Potter 101,Funkoverse Strategy Game: Harry Potter 101,standalone,,https://cf.geekdo-images.com/vQB_69f14snuHl4NGCRc7g__original/img/podC2nuCS8Mv9BdkxZUjcGo0HK4=/0x0/filters:format(png)/pic5008394.png,https://boardgamegeek.com/boardgame/292031/funkoverse-strategy-game-harry-potter-101
a19da922-4513-4f97-bde6-a2b54f0a6a97,0LXSM,321539,A Game of Cat & Mouth,A Game of Cat & Mouth,standalone,,https://cf.geekdo-images.com/1_cEnRN2mdmxUdeTjjtiaA__original/img/yPSlbK3ST_8GOxcQJEpmCz94lw4=/0x0/filters:format(jpeg)/pic6974496.jpg,https://boardgamegeek.com/boardgame/321539/a-game-of-cat--mouth
ec2739d6-c275-4f8f-a706-2c9b97e91d09,0LXSM,424991,Garden Variety,Garden Variety,standalone,,https://cf.geekdo-images.com/4-_OPgAXStWk8nfO_RIg_A__original/img/5nQ_sN5vEjp0XwG3qzfhEU_gZf8=/0x0/filters:format(jpeg)/pic8318576.jpg,https://boardgamegeek.com/boardgame/424991/garden-variety
e7a2152f-fd21-4c35-b4c6-27a719896967,0LXSM,381072,Gerónimooo!!!,Gerónimooo!!!,standalone,,https://cf.geekdo-images.com/EGYacXvukjCpGI3DKw7VlA__original/img/1l8XvMcyHLBJiirg1yWhxrplpd0=/0x0/filters:format(jpeg)/pic7374650.jpg,https://boardgamegeek.com/boardgame/381072/gernimooo
3330907e-21a7-4d6a-9e35-703985532333,0LXSM,356909,Hand-to-Hand Wombat,Hand-to-Hand Wombat,standalone,,https://cf.geekdo-images.com/U36U-SQTKgW8nsnWiP2A-Q__original/img/_3sViMgTxfyppzOVXDl2a9TjCHI=/0x0/filters:format(png)/pic6700025.png,https://boardgamegeek.com/boardgame/356909/hand-to-hand-wombat
b06ff762-0cc3-4e9b-befd-4da185b873c0,0LXSM,325414,Happy Little Dinosaurs,Happy Little Dinosaurs,standalone,,https://cf.geekdo-images.com/aajSbzY8vkZG_-aJdKJh_g__original/img/QKPga21F_5U6PRBPjyl0iB5PRgY=/0x0/filters:format(png)/pic8286790.png,https://boardgamegeek.com/boardgame/325414/happy-little-dinosaurs
0c4cf7ab-78cb-4948-a3a3-4eaa5fa43bcb,0LXSM,325451,Happy Little Dinosaurs: 5–6 Player Expansion Pack,Happy Little Dinosaurs: 5–6 Player Expansion Pack,expansion,,https://cf.geekdo-images.com/m7gMHolysUORh8rfKl1lsQ__original/img/W8Br0e0ZhZi_P2EywAQYr_4j7W8=/0x0/filters:format(jpeg)/pic6149877.jpg,https://boardgamegeek.com/boardgameexpansion/325451/happy-little-dinosaurs-56-player-expansion-pack
87318bde-607d-4683-89b9-ca841409a6ca,0LXSM,395822,Happy Little Dinosaurs: Hazards Ahead,Happy Little Dinosaurs: Hazards Ahead,expansion,,https://cf.geekdo-images.com/AW73q8eExeh2fX-JVpC4Uw__original/img/Xd3x-xqHDHi1sdrI6Piuz7mvw8o=/0x0/filters:format(jpeg)/pic7712223.jpg,https://boardgamegeek.com/boardgameexpansion/395822/happy-little-dinosaurs-hazards-ahead
528ba743-602c-4a99-879c-cc80c90b30a0,0LXSM,414317,Harmonies,Harmonies,standalone,,https://cf.geekdo-images.com/A_XP2_VN3ugyqPhezowB_w__original/img/_Rv8lSr3fC1oDRkrQleQW2H2yCs=/0x0/filters:format(png)/pic8026369.png,https://boardgamegeek.com/boardgame/414317/harmonies
870d28d6-c580-4cd6-926f-743493b48f60,0LXSM,366013,Heat: Pedal to the Metal,Heat: Pedal to the Metal,standalone,,https://cf.geekdo-images.com/-vOrd4bOspibyohYExLqWg__original/img/iXU8a9WaVlwrkiEiOxWN06y9y5g=/0x0/filters:format(png)/pic6940449.png,https://boardgamegeek.com/boardgame/366013/heat-pedal-to-the-metal
bef99743-0c46-4080-86ac-571d1b23af76,0LXSM,299252,Here to Slay,Here to Slay,standalone,,https://cf.geekdo-images.com/ozUv3be9fcf28tJk30bNow__original/img/digC3cWVMhV6rlcE0AEcoVkmVI0=/0x0/filters:format(jpeg)/pic5181432.jpg,https://boardgamegeek.com/boardgame/299252/here-to-slay
3e3264da-edbf-4403-9268-7dff6bd5384b,0LXSM,349286,Here to Slay: Berserkers & Necromancers,Here to Slay: Berserkers & Necromancers,expansion,,https://cf.geekdo-images.com/LkUupPt0pgN6T68xAbElNQ__original/img/Vahi8SXVXV5inSJagLbM6QRM7QI=/0x0/filters:format(png)/pic6602480.png,https://boardgamegeek.com/boardgameexpansion/349286/here-to-slay-berserkers--necromancers
e6150542-f259-4b8f-8126-aeedc2347285,0LXSM,321259,Here to Slay: Warriors & Druids Expansion,Here to Slay: Warriors & Druids Expansion,expansion,,https://cf.geekdo-images.com/6UZ0BdzVu5LEHkQZpYSpxg__original/img/iAqXtKksT-ANHr4eKv2PBRYamSU=/0x0/filters:format(jpeg)/pic5714466.jpg,https://boardgamegeek.com/boardgameexpansion/321259/here-to-slay-warriors--druids-expansion
79c81530-38e9-418d-beba-b847467bfe6f,0LXSM,313718,Hibachi,Hibachi,standalone,,https://cf.geekdo-images.com/wXeBFmXw3QrNJBz05tbF4g__original/img/ecEXMpqfn-216wmvkLVNzLQSW8M=/0x0/filters:format(jpeg)/pic5517561.jpg,https://boardgamegeek.com/boardgame/313718/hibachi
dd234f65-4375-4ad7-9556-d24b7b3d06d3,0LXSM,397897,Horrified: Greek Monsters,Horrified: Greek Monsters,standalone,,https://cf.geekdo-images.com/AXNf3SxmIx125TDTK3CMtg__original/img/rgKvIS3WUZ8m_kldqCCLrpUmvVU=/0x0/filters:format(jpeg)/pic7669076.jpg,https://boardgamegeek.com/boardgame/397897/horrified-greek-monsters
497a832f-b8a9-427b-ab76-1707d106e7f4,0LXSM,315954,Hunt A Killer: Death at the Dive Bar,Hunt A Killer: Death at the Dive Bar,standalone,,https://cf.geekdo-images.com/kq3yHDjFbKFp7XA29Eu52Q__original/img/ZGiN59vIFYz_KNVdJQyhaV5UvcA=/0x0/filters:format(jpeg)/pic6585386.jpg,https://boardgamegeek.com/boardgame/315954/hunt-a-killer-death-at-the-dive-bar
7d2f7dda-b82e-4658-8241-eec5b12cd8d6,0LXSM,346467,Hunt A Killer: Nancy Drew – Mystery at Magnolia Gardens,Hunt A Killer: Nancy Drew – Mystery at Magnolia Gardens,standalone,,https://cf.geekdo-images.com/gKVcYwrdyw0xPfcf9w80uw__original/img/OXeqHggz58q7tJ1plDTx7zhXrr0=/0x0/filters:format(jpeg)/pic6421114.jpg,https://boardgamegeek.com/boardgame/346467/hunt-a-killer-nancy-drew--mystery-at-magnolia-gardens
b117f68c-8c5a-4a4e-a76c-cb41fee128e9,0LXSM,364787,Labyrinth: Disney Villains,Labyrinth: Disney Villains,standalone,,https://cf.geekdo-images.com/FxpAxW--8YkO0WjaI-kl_w__original/img/pGFDWl9XSchy_V6Z5cgYMva8c4M=/0x0/filters:format(jpeg)/pic7399352.jpg,https://boardgamegeek.com/boardgame/364787/labyrinth-disney-villains
21849e4e-477d-4c2b-ae93-630507fb44ca,0LXSM,423729,Let's Hit Each Other with Fake Swords,Let's Hit Each Other with Fake Swords,standalone,,https://cf.geekdo-images.com/R_-dtikNNObPHSujJCUhbA__original/img/r-eOICoPSxe-AtH6s8oeNumUsOo=/0x0/filters:format(png)/pic8320118.png,https://boardgamegeek.com/boardgame/423729/lets-hit-each-other-with-fake-swords
ae20db4a-6383-451c-8309-288faa467d70,0LXSM,325829,Let's Summon Demons,Let's Summon Demons,standalone,,https://cf.geekdo-images.com/O88iI1-V3dkrJX7IPQMlnw__original/img/YtUOyjMvv3CJNkbytNQWQH89HuY=/0x0/filters:format(jpeg)/pic7380048.jpg,https://boardgamegeek.com/boardgame/325829/lets-summon-demons
475a06d6-0b54-4f15-9f79-db8421f0adcb,0LXSM,335869,A Little Wordy,A Little Wordy,standalone,,https://cf.geekdo-images.com/vCyHmXq8ZO7GjdRCDoU8Sw__original/img/AXQOetl6MFBpENDQQFWeGFDzsCI=/0x0/filters:format(jpeg)/pic6451120.jpg,https://boardgamegeek.com/boardgame/335869/a-little-wordy
93b98f3d-6286-4ef3-bc95-657e29682e6d,0LXSM,287228,Mal Trago,Mal Trago,standalone,,https://cf.geekdo-images.com/smmJxPUCOXPSWfZI3cxNMA__original/img/ZUm-S8p3AX6ndATHvjB2tvrFcVs=/0x0/filters:format(jpeg)/pic6392771.jpg,https://boardgamegeek.com/boardgame/287228/mal-trago
1b5682d9-fa44-4e61-9d30-5e650b26308a,0LXSM,358690,MANTIS,MANTIS,standalone,,https://cf.geekdo-images.com/lEkzT07ZX_iDNBusFDS_jA__original/img/snPIUx3vjhuVAkjMAnxN1PfpW3c=/0x0/filters:format(png)/pic6811649.png,https://boardgamegeek.com/boardgame/358690/mantis
beaa3b5d-ff39-4168-b565-0b952e4abc77,0LXSM,360152,Marvel Dice Throne: Black Widow v. Doctor Strange,Marvel Dice Throne: Black Widow v. Doctor Strange,standalone,,https://cf.geekdo-images.com/IJ3FeFMIo4fBukPL76UBjg__original/img/F5SutwV_t3Vw_JoTORG_M_nXRZE=/0x0/filters:format(jpeg)/pic6937963.jpg,https://boardgamegeek.com/boardgame/360152/marvel-dice-throne-black-widow-v-doctor-strange
d640f96d-e1f0-458d-bd6d-fdc15f14d5fb,0LXSM,360061,Marvel Dice Throne: Captain Marvel v. Black Panther,Marvel Dice Throne: Captain Marvel v. Black Panther,standalone,,https://cf.geekdo-images.com/8ISZDOrFZT_-n7J2nGEKsg__original/img/ud6XWdq0PwGkxyFNcEVqHL-pIvQ=/0x0/filters:format(jpeg)/pic6937964.jpg,https://boardgamegeek.com/boardgame/360061/marvel-dice-throne-captain-marvel-v-black-panther
886a31e0-89a2-4973-a217-e32c552b1307,0LXSM,403511,Marvel Dice Throne: Deadpool,Marvel Dice Throne: Deadpool,expansion,,https://cf.geekdo-images.com/MNJL-0cmvvOQVRdhRJ6IFQ__original/img/4q_m-IUj5jVBz2DslizkbS59dbg=/0x0/filters:format(jpeg)/pic7796967.jpg,https://boardgamegeek.com/boardgameexpansion/403511/marvel-dice-throne-deadpool
39f50bfb-eed4-46ea-b068-136fc505d9a8,0LXSM,360153,Marvel Dice Throne: Scarlet Witch v. Thor v. Loki v. Spider-Man,Marvel Dice Throne: Scarlet Witch v. Thor v. Loki v. Spider-Man,standalone,,https://cf.geekdo-images.com/y7tqtzOjrzoP4-M3Tb4v2w__original/img/AVFhrBbSZjD9nWn1ToNsHBLrqDk=/0x0/filters:format(jpeg)/pic6937962.jpg,https://boardgamegeek.com/boardgame/360153/marvel-dice-throne-scarlet-witch-v-thor-v-loki-v-spider-man
9815ba27-10be-438a-b1ab-2be8a9bc7bfb,0LXSM,298047,Marvel United,Marvel United,standalone,,https://cf.geekdo-images.com/-19XPXmTn9QyyvqwpcFkBw__original/img/zgZcNusSm7mFMP3N6MJvJRe_gKY=/0x0/filters:format(jpeg)/pic5231006.jpg,https://boardgamegeek.com/boardgame/298047/marvel-united
83cecf7a-6134-4a34-9ede-0d56d49623ad,0LXSM,354553,Marvel United: Doctor Strange,Marvel United: Doctor Strange,expansion,,https://cf.geekdo-images.com/nQmXQEzs1oxVhtQBbT9ecg__original/img/l2zU2yTyEAbH-bfyrgbWkECjqOM=/0x0/filters:format(jpeg)/pic7280870.jpg,https://boardgamegeek.com/boardgameexpansion/354553/marvel-united-doctor-strange
0c34bf7b-5a10-4557-b51f-981da23e77fb,0LXSM,303600,Marvel United: Enter the Spider-Verse,Marvel United: Enter the Spider-Verse,expansion,,https://cf.geekdo-images.com/CYhpAKbeFFk5OUc-5RAVoQ__original/img/gp1yCqfWaohOxPZhNV3DOYletow=/0x0/filters:format(jpeg)/pic5263274.jpg,https://boardgamegeek.com/boardgameexpansion/303600/marvel-united-enter-the-spider-verse
52020c89-783d-4d54-a742-742f6745099d,0LXSM,379908,Marvel United: Spider-Geddon,Marvel United: Spider-Geddon,standalone,,https://cf.geekdo-images.com/QLnoLL7LijczfxSIzsXqwg__original/img/yLh0ySbLixi-nPAV5VhOBk1nVGc=/0x0/filters:format(png)/pic7331187.png,https://boardgamegeek.com/boardgame/379908/marvel-united-spider-geddon
eb13ac62-b7e1-4ff1-9a8f-c3439e06db1e,0LXSM,302336,Marvel Villainous: Infinite Power,Marvel Villainous: Infinite Power,standalone,,https://cf.geekdo-images.com/tZN9xSmobQLvGBW7wOW3aA__original/img/p4l9U4xmzBim_mntzO-97jABoDU=/0x0/filters:format(jpeg)/pic5239853.jpg,https://boardgamegeek.com/boardgame/302336/marvel-villainous-infinite-power
1041efb9-54d2-40d5-8754-54aff757e4be,0LXSM,335528,Marvel Villainous: Mischief & Malice,Marvel Villainous: Mischief & Malice,standalone,,https://cf.geekdo-images.com/YXb5p2v36MYlMcamIlpUrg__original/img/3fReb0oc7IAtW4KIKemsuE0uQ9Y=/0x0/filters:format(jpeg)/pic6183694.jpg,https://boardgamegeek.com/boardgame/335528/marvel-villainous-mischief--malice
0c63c2c0-1e27-4354-ba49-2e5d1d214563,0LXSM,379056,Marvel Villainous: Twisted Ambitions,Marvel Villainous: Twisted Ambitions,standalone,,https://cf.geekdo-images.com/RfnMo8QnTKhPbQ4l4-fGRw__original/img/ONnHmIpwpkfKubz75KBsj7i7Zvw=/0x0/filters:format(jpeg)/pic7579730.jpg,https://boardgamegeek.com/boardgame/379056/marvel-villainous-twisted-ambitions
a31b4bab-b600-4bb4-93f0-cbbdc122e575,0LXSM,310100,Nemesis: Lockdown,Nemesis: Lockdown,standalone,,https://cf.geekdo-images.com/NEbmFFGhKwegIryUArgw6w__original/img/YCDNmHN9DiyAnjSvFRen1sjAug4=/0x0/filters:format(jpeg)/pic7110034.jpg,https://boardgamegeek.com/boardgame/310100/nemesis-lockdown
5699d86b-78f7-46a3-93db-c18d9d4c87e6,0LXSM,383172,Nightshift,Nightshift,standalone,,https://cf.geekdo-images.com/cUNg4QQqY1LuFQZH3EM-OA__original/img/XZ0vXs4NEojbMstEuy9XlS5Q_No=/0x0/filters:format(jpeg)/pic7431956.jpg,https://boardgamegeek.com/boardgame/383172/nightshift
1c27399e-2df8-4c06-a93f-59da2cb937fd,0LXSM,365119,Party Panda Pirates,Party Panda Pirates,standalone,,https://cf.geekdo-images.com/Qwh8s6nWxmUhVUBklYSZ6A__original/img/jHPa0SDjyK7nGXrh7H9LVFRa7Kc=/0x0/filters:format(jpeg)/pic7882358.jpg,https://boardgamegeek.com/boardgame/365119/party-panda-pirates
cde029a6-f770-4d01-ad62-bf3f171f67c5,0LXSM,424573,Pergola,Pergola,standalone,,https://cf.geekdo-images.com/uZk1zNLrFWOtYzmgUSZBog__original/img/Nn_WIdQFmDDFOGbBwy-3vDERQWM=/0x0/filters:format(png)/pic8515455.png,https://boardgamegeek.com/boardgame/424573/pergola
26450694-f382-4764-b9fc-98da698b18dc,0LXSM,381834,Piñata Blast,Piñata Blast,standalone,,https://cf.geekdo-images.com/2RrbEXQot720vDgpVS49RQ__original/img/AIufh3KJEzu_buQXIe_wp9AhOrg=/0x0/filters:format(png)/pic7387688.png,https://boardgamegeek.com/boardgame/381834/piata-blast
d99acaa3-b7d3-4f18-9c6c-5920ac0abb3c,0LXSM,281094,Plunder: A Pirate's Life,Plunder: A Pirate's Life,standalone,,https://cf.geekdo-images.com/e5xwvJIQVWh7Pt2swQmloA__original/img/V5gy4CrjhR8hfwce_PtD5mFKDEg=/0x0/filters:format(jpeg)/pic5243200.jpg,https://boardgamegeek.com/boardgame/281094/plunder-a-pirates-life
dda6008b-781b-45ce-8a27-3b5deba7d948,0LXSM,312786,Poetry for Neanderthals,Poetry for Neanderthals,standalone,,https://cf.geekdo-images.com/CDlBjXSPT-3Zyrj8ENBkvQ__original/img/FgAyx5Q1pe7TyHsYskhbab_S_os=/0x0/filters:format(jpeg)/pic5702797.jpg,https://boardgamegeek.com/boardgame/312786/poetry-for-neanderthals
a4678397-e4d3-453f-ab71-09294a102715,0LXSM,105593,Polilla Tramposa,Cheating Moth,standalone,,https://cf.geekdo-images.com/7w7ht4bmAnu0j-_qgcYPiQ__original/img/C1hf_pbsGvD5HP-N0iHME_HSH1E=/0x0/filters:format(jpeg)/pic2220182.jpg,https://boardgamegeek.com/boardgame/105593/cheating-moth
54835a89-5771-4a8a-9059-0463744de831,0LXSM,316287,Quest,Quest,standalone,,https://cf.geekdo-images.com/IwEAO-GRsYdO6WeA0uWtFg__original/img/awIRlc4ZJx_RObIxXz-M2j0f2_8=/0x0/filters:format(jpeg)/pic5578189.jpg,https://boardgamegeek.com/boardgame/316287/quest
10b740f5-b609-44af-a782-02d4f9d99cb8,0LXSM,411981,Ranking Top,Ranking Top,standalone,,https://cf.geekdo-images.com/unurzKU9vCCf0Km946CWzQ__original/img/expBkJBdH7jyrAEroTi75uUMYAk=/0x0/filters:format(jpeg)/pic8004539.jpg,https://boardgamegeek.com/boardgame/411981/ranking-top
741be0c3-cb93-4270-b1ab-d636ec8fa78e,0LXSM,378367,Really Loud Librarians,Really Loud Librarians,standalone,,https://cf.geekdo-images.com/T7rYsKBB-M38VKAOwCXG-w__original/img/ailMBTvhac46iQpsViXsZkSBFSs=/0x0/filters:format(png)/pic7282812.png,https://boardgamegeek.com/boardgame/378367/really-loud-librarians
c6015837-60f9-4bb3-b0bf-d72c5e11cfe8,0LXSM,237182,Root,Root,standalone,,https://cf.geekdo-images.com/JUAUWaVUzeBgzirhZNmHHw__original/img/E0s2LvtFA1L5YKk-_44D4u2VD2s=/0x0/filters:format(jpeg)/pic4254509.jpg,https://boardgamegeek.com/boardgame/237182/root
c0863e54-8647-4ec4-a49b-01139f6d141e,0LXSM,334486,Root: Landmarks Pack,Root: Landmarks Pack,expansion,,https://cf.geekdo-images.com/VvEGNGf5DoMTjqwdH2aRpg__original/img/Ucyh7lo-lpBn-d3RwV9FZT1xwwE=/0x0/filters:format(png)/pic6818641.png,https://boardgamegeek.com/boardgameexpansion/334486/root-landmarks-pack
4850c718-96c6-44ab-bd80-65b6d458cd11,0LXSM,336276,Root: Marauder Hirelings Pack & Hireling Box,Root: Marauder Hirelings Pack & Hireling Box,expansion,,https://cf.geekdo-images.com/j2yaeB24ubNLpQZh1Z_KHA__original/img/U2BZD_4fCT9SGtcwMLaxEQi1dac=/0x0/filters:format(jpeg)/pic7134491.jpg,https://boardgamegeek.com/boardgameexpansion/336276/root-marauder-hirelings-pack--hireling-box
97d5b655-74f8-4ae2-aa47-09711ad53973,0LXSM,334485,Root: Riverfolk Hirelings Pack,Root: Riverfolk Hirelings Pack,expansion,,https://cf.geekdo-images.com/ThO3HuZcuy_WXVPr-1zC2w__original/img/yo58Nl7savOc0dJ71ugGqaAkfVc=/0x0/filters:format(png)/pic6818590.png,https://boardgamegeek.com/boardgameexpansion/334485/root-riverfolk-hirelings-pack
4e9d8934-f436-470e-8b18-2b8594086b02,0LXSM,334483,Root: The Clockwork Expansion 2,Root: The Clockwork Expansion 2,expansion,,https://cf.geekdo-images.com/lES5vHtu7bbw2ssr3ugx9A__original/img/xdpHhFIsV55vGWPnKH4J3o4LzbY=/0x0/filters:format(jpeg)/pic6108376.jpg,https://boardgamegeek.com/boardgameexpansion/334483/root-the-clockwork-expansion-2
a33554c3-480f-4b5a-9056-0d4d0f7b146e,0LXSM,272638,Root: The Exiles and Partisans Deck,Root: The Exiles and Partisans Deck,expansion,,https://cf.geekdo-images.com/ci78uqda8Oz40A7wozLGaA__original/img/joHuZxT6XAMWr2jl-Kdd6QyQsRo=/0x0/filters:format(png)/pic6330375.png,https://boardgamegeek.com/boardgameexpansion/272638/root-the-exiles-and-partisans-deck
3283e4d9-1eb7-4fab-81c4-3675415e47db,0LXSM,330149,Root: The Marauder Expansion,Root: The Marauder Expansion,expansion,,https://cf.geekdo-images.com/oHWCWBSltJBPAnV5w45-lg__original/img/VuPjRpvOx9_84v8nERSfcnaQxLs=/0x0/filters:format(jpeg)/pic6003595.jpg,https://boardgamegeek.com/boardgameexpansion/330149/root-the-marauder-expansion
9bf6be2f-14f9-49e4-b823-c4bfbbb8e75a,0LXSM,241386,Root: The Riverfolk Expansion,Root: The Riverfolk Expansion,expansion,,https://cf.geekdo-images.com/durhzLYyIypxg7CuVYe82Q__original/img/xrLTlVUWtteTsoXmYLM2KM190DE=/0x0/filters:format(jpeg)/pic4252654.jpg,https://boardgamegeek.com/boardgameexpansion/241386/root-the-riverfolk-expansion
f1a32ddd-3f25-4ea7-ba41-16d76b980fcd,0LXSM,272637,Root: The Underworld Expansion,Root: The Underworld Expansion,expansion,,https://cf.geekdo-images.com/LzZVgiX-d1nA_MSmZmH5tA__original/img/QjducX9OMQbVZf6ei1bhuKRWlAs=/0x0/filters:format(jpeg)/pic4608840.jpg,https://boardgamegeek.com/boardgameexpansion/272637/root-the-underworld-expansion
8278eb0c-d420-47c8-a863-6a003d6fcc4d,0LXSM,309977,Root: The Vagabond Pack,Root: The Vagabond Pack,expansion,,https://cf.geekdo-images.com/aEXG9vmArj6d2ZdVpFTMgA__original/img/BLJfHsOQGZgAKNPRAfol-lmMmng=/0x0/filters:format(png)/pic6330378.png,https://boardgamegeek.com/boardgameexpansion/309977/root-the-vagabond-pack
f0d540e4-7cdf-4ac1-a2e5-8300ccce827d,0LXSM,361193,Root: Underworld Hirelings Pack,Root: Underworld Hirelings Pack,expansion,,https://cf.geekdo-images.com/97wvtAZl84lUnf7Cxuc-TQ__original/img/4zzT4Mtk-vzNBpAt3ed4lbh6Bh4=/0x0/filters:format(png)/pic6819180.png,https://boardgamegeek.com/boardgameexpansion/361193/root-underworld-hirelings-pack
4861fc21-4c95-466d-8fce-1e316aaf528f,0LXSM,94837,Scotland Yard: The Hunt for Mister X,Scotland Yard: The Hunt for Mister X,standalone,,https://cf.geekdo-images.com/1zL7ow6mUXnpWeKA8tfSTQ__original/img/nkh7a7n_-hiLtCkDmC7Av0Cuyrs=/0x0/filters:format(jpeg)/pic7652289.jpg,https://boardgamegeek.com/boardgame/94837/scotland-yard-the-hunt-for-mister-x
29c3466f-d7fa-4f2e-bc63-e43fe56a7628,0LXSM,188834,Secret Hitler,Secret Hitler,standalone,,https://cf.geekdo-images.com/rAQ3hIXoH6xDcj41v9iqCg__original/img/7oKwNUYakx3-vHUBLHWVuFNKfl4=/0x0/filters:format(jpeg)/pic5164305.jpg,https://boardgamegeek.com/boardgame/188834/secret-hitler
d4c8dd96-a745-4b5a-a020-5460c09768eb,0LXSM,298638,Sheriff of Nottingham: 2nd Edition,Sheriff of Nottingham: 2nd Edition,standalone,,https://cf.geekdo-images.com/VHiB06XHhK6G3vxH9QAwHw__original/img/qmBX9dnhhCo66x4C7vlEpslSxMw=/0x0/filters:format(jpeg)/pic5169196.jpg,https://boardgamegeek.com/boardgame/298638/sheriff-of-nottingham-2nd-edition
0ef7f4c8-1b00-4c1d-be4a-968cb9f69e09,0LXSM,230765,Side Effects,Side Effects,standalone,,https://cf.geekdo-images.com/8mKYBqNze76OgoOjIdNzcg__original/img/76mu8emmPUcNLWfaV8bvzAE_q7Y=/0x0/filters:format(jpeg)/pic7045357.jpg,https://boardgamegeek.com/boardgame/230765/side-effects
5b7d75e2-7aa2-4502-a39a-9c6976eb628c,0LXSM,401235,Side Effects: Booster Shot,Side Effects: Booster Shot,expansion,,https://cf.geekdo-images.com/EJOeUPHtgTzFaLc816NJ8Q__original/img/4b_IYrVZT9U25SPyL0oSXBrKVXk=/0x0/filters:format(jpeg)/pic7856184.jpg,https://boardgamegeek.com/boardgameexpansion/401235/side-effects-booster-shot
7701d250-77bc-4e13-bf14-9087047f24b5,0LXSM,150145,Skull King,Skull King,standalone,,https://cf.geekdo-images.com/1qvA21HdRaPYwrn4tGDNaQ__original/img/Vn6PK_Ue5TX14oQ5uau4XICHEJU=/0x0/filters:format(jpeg)/pic8689185.jpg,https://boardgamegeek.com/boardgame/150145/skull-king
0382a636-72ab-4e96-be7e-1a8b4a551c86,0LXSM,425428,Survive The Island,Survive The Island,standalone,,https://cf.geekdo-images.com/MG8gloAo6F2cD4C6gz12Lg__original/img/WjpJXy7nyPCwIebnS53Vldachlk=/0x0/filters:format(png)/pic8337555.png,https://boardgamegeek.com/boardgame/425428/survive-the-island
ed4d882b-9f89-4e00-a66d-434c140c7588,0LXSM,341876,Taco Back Goat Cheese Pizza,Taco Back Goat Cheese Pizza,standalone,,https://cf.geekdo-images.com/_1J_XrlwF59TBIZDCxcv-Q__original/img/XaDj0cHZM7M7xaFwA9F_u5gBmOU=/0x0/filters:format(png)/pic6927514.png,https://boardgamegeek.com/boardgame/341876/taco-back-goat-cheese-pizza
9ee02e03-2d05-4852-ad2f-b087658973aa,0LXSM,253664,Taco Cat Goat Cheese Pizza,Taco Cat Goat Cheese Pizza,standalone,,https://cf.geekdo-images.com/GHrnr-Khb0LvBU_QkrC_qA__original/img/1BR5aHWIz_v4ki-YB2IiMuS-uIs=/0x0/filters:format(png)/pic7192024.png,https://boardgamegeek.com/boardgame/253664/taco-cat-goat-cheese-pizza
d143c517-3469-4bb3-ac95-1dbe8e46dbb9,0LXSM,340420,Throw Throw Avocado,Throw Throw Avocado,standalone,,https://cf.geekdo-images.com/_mGtR5kr2eMU1sIzauuLfw__original/img/rN-2_xDMxvJApCWsMmB7uhEjbNE=/0x0/filters:format(jpeg)/pic7073069.jpg,https://boardgamegeek.com/boardgame/340420/throw-throw-avocado
c567c0e2-4f83-4ea6-86b2-15b18285a612,0LXSM,274533,Throw Throw Burrito,Throw Throw Burrito,standalone,,https://cf.geekdo-images.com/5ClVKrQcLkzRdBGiEfjevQ__original/img/NDGN_eKZmO7uJD0l5JIKJkAX24o=/0x0/filters:format(jpeg)/pic7073068.jpg,https://boardgamegeek.com/boardgame/274533/throw-throw-burrito
9113e8f3-21d8-4496-892e-aeea0ab1ad3b,0LXSM,346296,Tic Tac K.O.: Dragons vs Unicorns,Tic Tac K.O.: Dragons vs Unicorns,standalone,,https://cf.geekdo-images.com/b482uZTe1Jh-Zr7f7oIXxQ__original/img/3BX3EuzlsZZGn3_JWhKPLi6j0QQ=/0x0/filters:format(png)/pic6372026.png,https://boardgamegeek.com/boardgame/346296/tic-tac-ko-dragons-vs-unicorns
3f5c685c-9371-475f-bec0-9aabe175f535,0LXSM,216439,Trash Pandas,Trash Pandas,standalone,,https://cf.geekdo-images.com/y4ysd5L5XvfUysv7gkIbdg__original/img/bkxrMNyahRh4pqR2Jj6tgk4rdTU=/0x0/filters:format(jpeg)/pic3989423.jpg,https://boardgamegeek.com/boardgame/216439/trash-pandas
90d5ad4c-620a-4f9b-ba9d-b616f4cbef07,0LXSM,429840,Twisted Cryptids,Twisted Cryptids,standalone,,https://cf.geekdo-images.com/LgJxHaMMigomhamCoWK-NQ__original/img/D80TfgJ7HfbGBw_x5c3POTxZ-Aw=/0x0/filters:format(png)/pic8966395.png,https://boardgamegeek.com/boardgame/429840/twisted-cryptids
24f7a7c0-6370-427d-b33d-3261a355e3e7,0LXSM,430837,Twisted Cryptids: Alien Invasion Mini-Expansion,Twisted Cryptids: Alien Invasion Mini-Expansion,expansion,,https://cf.geekdo-images.com/_B9CZoFcl2fH4leABTpuTg__original/img/dNINqDQszJsOsBdZO0RSl0DFGS0=/0x0/filters:format(png)/pic8483585.png,https://boardgamegeek.com/boardgameexpansion/430837/twisted-cryptids-alien-invasion-mini-expansion
9731efb5-dd27-4f11-9d72-16b9d98a2c1b,0LXSM,429843,Twisted Cryptids: Cryptid Culture,Twisted Cryptids: Cryptid Culture,expansion,,https://cf.geekdo-images.com/_58-C1WxKkuAGpWt3oGVCg__original/img/PvTkIEqCnzNwveAhZOFPABPkNjY=/0x0/filters:format(png)/pic8966397.png,https://boardgamegeek.com/boardgameexpansion/429843/twisted-cryptids-cryptid-culture
1eb26f41-86b9-4262-a531-c9d5433d4ec1,0LXSM,429842,Twisted Cryptids: Exclusive Edition,Twisted Cryptids: Exclusive Edition,standalone,,https://cf.geekdo-images.com/Lk3SwSHkDO5cYUJNTKmM1g__original/img/xmnFdQHuf4kVKcGBULINnqfaZfs=/0x0/filters:format(png)/pic8460254.png,https://boardgamegeek.com/boardgame/429842/twisted-cryptids-exclusive-edition
49cbcb04-2d39-4685-97bd-41b5921c6e5a,0LXSM,430529,Twisted Cryptids: Field Trip Mini-Expansion,Twisted Cryptids: Field Trip Mini-Expansion,expansion,,https://cf.geekdo-images.com/gGd8Rw186bOwyqqNPdet3g__original/img/ooA6Ik8jXrM2cgpw1wIvzwYZyTo=/0x0/filters:format(jpeg)/pic8484246.jpg,https://boardgamegeek.com/boardgameexpansion/430529/twisted-cryptids-field-trip-mini-expansion
af70af39-d584-45df-afc5-8df9e9eec6e1,0LXSM,429841,Twisted Cryptids: Ness is More,Twisted Cryptids: Ness is More,expansion,,https://cf.geekdo-images.com/o0k7J--peS9lbj3OmsT-og__original/img/EbWuyn59yv-_ffHuUvw1IWxKIg4=/0x0/filters:format(png)/pic8966396.png,https://boardgamegeek.com/boardgameexpansion/429841/twisted-cryptids-ness-is-more
788771d8-e6d2-4bf2-ae59-72edaa632b4d,0LXSM,430244,Twisted Cryptids: Unicorn Frenzy Mini-Expansion!,Twisted Cryptids: Unicorn Frenzy Mini-Expansion!,expansion,,https://cf.geekdo-images.com/Nm5InVMvIQbOHCwuAF3PJQ__original/img/UpNlywmyc92JsSZJAk4hqNAywsw=/0x0/filters:format(png)/pic8464154.png,https://boardgamegeek.com/boardgameexpansion/430244/twisted-cryptids-unicorn-frenzy-mini-expansion
e212865a-9964-4aef-884b-0aecf83f8290,0LXSM,234190,Unstable Unicorns,Unstable Unicorns,standalone,,https://cf.geekdo-images.com/8_5xvpsrrX5JVzO7eBLSgw__original/img/XkKaT-quh8xGl2uHD5zULSWTpuM=/0x0/filters:format(jpeg)/pic3912914.jpg,https://boardgamegeek.com/boardgame/234190/unstable-unicorns
4cdfac1c-0606-4973-a34e-533531193171,0LXSM,180020,Virus!,Virus!,standalone,,https://cf.geekdo-images.com/7Xx4ipXV4lf0Q9mWwitf2w__original/img/reScLMXXNowNt1koQwV5IhYRUc0=/0x0/filters:format(jpeg)/pic6008974.jpg,https://boardgamegeek.com/boardgame/180020/virus
4c10f09b-1736-4c59-ba2c-fb9f37010841,0LXSM,266667,Virus! 2 Evolution,Virus! 2 Evolution,expansion,,https://cf.geekdo-images.com/4EiAemAumbUpbnfZpd_YWw__original/img/r3iO6GEM0ogBPmbiYHZcxcIpQoA=/0x0/filters:format(jpeg)/pic7281385.jpg,https://boardgamegeek.com/boardgameexpansion/266667/virus-2-evolution
748f6092-4cdc-4650-9dc6-d7e7457e6717,0LXSM,323242,Virus! Halloween,Virus! Halloween,expansion,,https://cf.geekdo-images.com/BOJa-KSGerKk8pjJKqo-OQ__original/img/IrbrkL2FHr-1vrtQp40yt0o5oj4=/0x0/filters:format(jpeg)/pic7586116.jpg,https://boardgamegeek.com/boardgameexpansion/323242/virus-halloween
b9f52583-cb21-4082-8c20-10c8be12f04b,0LXSM,355483,Wandering Towers,Wandering Towers,standalone,,https://cf.geekdo-images.com/602eY-xlgkaL3gtyZ7QVVQ__original/img/0pBr7ImqUOKLPUb12_r0_R0MD1M=/0x0/filters:format(jpeg)/pic7347437.jpg,https://boardgamegeek.com/boardgame/355483/wandering-towers
5a7fe0e1-8bf1-49b6-be4b-e765f29d58bd,0LXSM,266192,Wingspan,Wingspan,standalone,,https://cf.geekdo-images.com/yLZJCVLlIx4c7eJEWUNJ7w__original/img/cI782Zis9cT66j2MjSHKJGnFPNw=/0x0/filters:format(jpeg)/pic4458123.jpg,https://boardgamegeek.com/boardgame/266192/wingspan
79e5f560-ba88-45fb-85b3-f0c2f9fe129a,0LXSM,336622,Wrong Party,Wrong Party,standalone,,https://cf.geekdo-images.com/_61XZmQmixaiDqWmgjqi1Q__original/img/pTnMMHPF5zpqR2waGzxCHwn_YlM=/0x0/filters:format(jpeg)/pic6149837.jpg,https://boardgamegeek.com/boardgame/336622/wrong-party
918a1fab-20df-4a72-bae0-c9e179337c77,0LXSM,425077,Zombie Burrito,Zombie Burrito,standalone,,https://cf.geekdo-images.com/s63rtT1VtkgGbacjZP65kw__original/img/HtaXhYw66JX9k7qNyqEM8ARrZUA=/0x0/filters:format(png)/pic8321601.png,https://boardgamegeek.com/boardgame/425077/zombie-burrito
b196bfb2-5aa5-4120-b983-3fd18f54e842,0LXSM,362202,Zombie Kittens,Zombie Kittens,standalone,,https://cf.geekdo-images.com/uyE342LSf5ztt9gxPY1nVQ__original/img/ZvWIt9cZgnpsTTJRKMd5To2BQXk=/0x0/filters:format(jpeg)/pic7241989.jpg,https://boardgamegeek.com/boardgame/362202/zombie-kittens
72857d4c-b4cd-4eb2-b70a-d9fb076d4754,7DPSE,41,¡No puedo parar!,Can't Stop,standalone,,https://cf.geekdo-images.com/nMitZr9Lu4Ux7LLqBy7Z8A__original/img/A_bSjGJJXDFfSocVclabxi8ArY8=/0x0/filters:format(png)/pic6875169.png,https://boardgamegeek.com/boardgame/41/cant-stop
65f4adf4-1f90-4142-aede-ee3386e4513d,7DPSE,207830,5-Minute Dungeon,5-Minute Dungeon,standalone,,https://cf.geekdo-images.com/bFZKvxPJ23dzGwgpOg-mIA__original/img/Pi321k82TYCMy0v6GqKZ3LHvBYM=/0x0/filters:format(png)/pic3213622.png,https://boardgamegeek.com/boardgame/207830/5-minute-dungeon
b10c4580-4813-42fc-bc37-71b7936b32a9,7DPSE,313008,Apollo: A Game Inspired by NASA Moon Missions,Apollo: A Game Inspired by NASA Moon Missions,standalone,,https://cf.geekdo-images.com/Y6PC5moGta-awvovb4tLxQ__original/img/w0BJIAARsUYhWK3H4g9GwFdPOzI=/0x0/filters:format(jpeg)/pic6149144.jpg,https://boardgamegeek.com/boardgame/313008/apollo-a-game-inspired-by-nasa-moon-missions
a0a856c5-bebd-4e10-a886-91610435cef3,7DPSE,118,Arte Moderno,Modern Art,standalone,,https://cf.geekdo-images.com/wLto-xaabHwKQe_Bc4iD1Q__original/img/s3Gai8XBTVfWFFlYpL4XF3kIlWU=/0x0/filters:format(png)/pic3458036.png,https://boardgamegeek.com/boardgame/118/modern-art
4d787c46-d5e5-4f54-92a4-e21edde02c6c,7DPSE,211534,Bears vs Babies,Bears vs Babies,standalone,,https://cf.geekdo-images.com/2BZROogBECvPPF2780wlvg__original/img/LAUIOIEPo54Qis-r8FDiE6kqqh4=/0x0/filters:format(jpeg)/pic5521191.jpg,https://boardgamegeek.com/boardgame/211534/bears-vs-babies
a8884df2-e498-4b9c-9432-d258a410a10f,7DPSE,10547,Betrayal at House on the Hill,Betrayal at House on the Hill,standalone,,https://cf.geekdo-images.com/lqmt2Oti_qJS65XqHcB8AA__original/img/7R6yYk8A2eUMmSDaxGjae5SceGI=/0x0/filters:format(png)/pic5146864.png,https://boardgamegeek.com/boardgame/10547/betrayal-at-house-on-the-hill
4bf7ac18-44a9-4ce8-a543-583e7ac4e101,7DPSE,383009,Block Block Burrito,Block Block Burrito,expansion,,https://cf.geekdo-images.com/gXfHgATqHT53ywh40PbkLA__original/img/pjQQUPLVVbgIqPgfM97CFrp867Q=/0x0/filters:format(png)/pic7428154.png,https://boardgamegeek.com/boardgameexpansion/383009/block-block-burrito
9eda0681-c2e1-4128-9a88-19315f0b371a,7DPSE,413246,Bomb Busters,Bomb Busters,standalone,,ruta/a/imagen/default.png,https://boardgamegeek.com/boardgame/413246/bomb-busters
5fc9e585-a3cf-4b3b-8da2-a3fcc476f9a1,7DPSE,332386,Brew,Brew,standalone,,https://cf.geekdo-images.com/8eN5t1p4ncee-eVN9NswDA__original/img/Hhv8kruqZZH1vv5W7gR7QXNZ_KM=/0x0/filters:format(png)/pic6007253.png,https://boardgamegeek.com/boardgame/332386/brew
df0b832d-9f2f-424c-9749-060ef04ade12,7DPSE,359502,Casting Shadows,Casting Shadows,standalone,,https://cf.geekdo-images.com/FLE6snOm5xbufQixZ7DUIA__original/img/3IRmWsZrQMZwVLjM02Po7hjcORk=/0x0/filters:format(jpeg)/pic6806844.jpg,https://boardgamegeek.com/boardgame/359502/casting-shadows
265b8ac1-a4a4-4b69-9023-5f4c7947f506,7DPSE,365761,Casting Shadows: Exclusive Edition,Casting Shadows: Exclusive Edition,standalone,,https://cf.geekdo-images.com/tmS8UWNpgYUqdsENvn28ig__original/img/Db_fcU4U_EfKj_JJA0aJ78voqbE=/0x0/filters:format(jpeg)/pic6801153.jpg,https://boardgamegeek.com/boardgame/365761/casting-shadows-exclusive-edition
88d81ed9-f287-4ace-b6a2-a1543aa5acad,7DPSE,360485,Casting Shadows: Lucky Skipper / Lucky the Unstable Player Board,Casting Shadows: Lucky Skipper / Lucky the Unstable Player Board,expansion,,https://cf.geekdo-images.com/HbEbN6Zj3-A-TCNv_-M1WQ__original/img/Z2oGp_kXxpqPEjP0p8lzyLtmnwI=/0x0/filters:format(jpeg)/pic7181512.jpg,https://boardgamegeek.com/boardgameexpansion/360485/casting-shadows-lucky-skipper--lucky-the-unstable-player-board
025a0104-358d-4941-af35-0b5a8f5a4a86,7DPSE,360484,Casting Shadows: The Ice Storm Expansion,Casting Shadows: The Ice Storm Expansion,expansion,,https://cf.geekdo-images.com/Rw01uZMcKYLvni0qeyVOTg__original/img/I7kBzXflrzAdll7NVd07pkeK_nw=/0x0/filters:format(jpeg)/pic6806845.jpg,https://boardgamegeek.com/boardgameexpansion/360484/casting-shadows-the-ice-storm-expansion
fa842e52-46be-4470-9c42-6e0251eedad5,7DPSE,392200,Casting Shadows: The Molten Rock Expansion,Casting Shadows: The Molten Rock Expansion,expansion,,https://cf.geekdo-images.com/d8OKP2VcuLXC6Ab-sd1IPA__original/img/wrmkobethPeqzDAYs80wvihK6x0=/0x0/filters:format(jpeg)/pic7616515.jpg,https://boardgamegeek.com/boardgameexpansion/392200/casting-shadows-the-molten-rock-expansion
b307a236-fda0-48e6-98d3-0cfd6aebf45c,7DPSE,345972,Cat in the Box: Deluxe Edition,Cat in the Box: Deluxe Edition,standalone,,https://cf.geekdo-images.com/M1gT_9LjNqUzAx3RAqdGRQ__original/img/euRCLPNg4Zpqqtvwdcjvbrna9JQ=/0x0/filters:format(jpeg)/pic6731829.jpg,https://boardgamegeek.com/boardgame/345972/cat-in-the-box-deluxe-edition
fcabfec4-dd4a-4c27-976a-fceada918082,7DPSE,359893,Chao Pescao!,Sounds Fishy,standalone,,https://cf.geekdo-images.com/rE37bpTHbMlei9RJYCJPoQ__original/img/XIpnIu6CqsVQNJ6yqD8iQVP9IVg=/0x0/filters:format(png)/pic6938099.png,https://boardgamegeek.com/boardgame/359893/sounds-fishy
c7caf282-ed35-432c-aff5-2fe419ab9e2f,7DPSE,377061,Coffee Rush,Coffee Rush,standalone,,https://cf.geekdo-images.com/LdK5ItPPwIHKUITxh3vqxA__original/img/gKSzzvUhpCYH1PjIzSYo9ffxSoM=/0x0/filters:format(jpeg)/pic7275386.jpg,https://boardgamegeek.com/boardgame/377061/coffee-rush
5f914e44-82e3-41ca-91eb-ebd19014a245,7DPSE,390422,Command of Nature,Command of Nature,standalone,,https://cf.geekdo-images.com/2n-CNMTJ6cPEPaeAzKWCeg__original/img/jDaOE8GMqbd_UO3x2HYtYq3qTvU=/0x0/filters:format(png)/pic7570458.png,https://boardgamegeek.com/boardgame/390422/command-of-nature
a8fa5d19-15fd-45e6-ae46-b7e1b83971f9,7DPSE,392144,Command of Nature: Sand & Wind,Command of Nature: Sand & Wind,expansion,,https://cf.geekdo-images.com/kpZdLMdpC2fxn8OIBsjlpQ__original/img/bhrX0ZhsUiUboAMS1VSoM3tp2p0=/0x0/filters:format(jpeg)/pic7616507.jpg,https://boardgamegeek.com/boardgameexpansion/392144/command-of-nature-sand--wind
dc11fc93-eb4c-47d7-b0c0-a8f011c400ef,7DPSE,121193,Cover Your Assets,Cover Your Assets,standalone,,https://cf.geekdo-images.com/dQiQjpVa7mGbyAmrmQsQIA__original/img/rYZzD572CBJk8I7Ha-B2CvA9gcs=/0x0/filters:format(jpeg)/pic8689177.jpg,https://boardgamegeek.com/boardgame/121193/cover-your-assets
3e395e7b-9854-40f5-8e46-20df8aca0107,7DPSE,393429,Critter Kitchen,Critter Kitchen,standalone,,https://cf.geekdo-images.com/w72-A0u4uH2j_YqGwu4E0w__original/img/TPAyEsDHcvMyr31_Bds-ZP3TvOU=/0x0/filters:format(jpeg)/pic7594267.jpg,https://boardgamegeek.com/boardgame/393429/critter-kitchen
daffd7cb-895f-49b3-a462-623f58c92109,7DPSE,414479,Critter Kitchen: À La Cart,Critter Kitchen: À La Cart,expansion,,https://cf.geekdo-images.com/jVGndVWLyrhmAoEO488B_w__original/img/oiURqzF2l1DfJUZRJsVuZOQ3rgY=/0x0/filters:format(jpeg)/pic9052961.jpg,https://boardgamegeek.com/boardgameexpansion/414479/critter-kitchen--la-cart
553051cb-a8b1-4896-aedd-8521cab63f28,7DPSE,358246,Dead by Daylight: The Board Game,Dead by Daylight: The Board Game,standalone,,https://cf.geekdo-images.com/fpnjJSQWpAh1WZW3zJ807A__original/img/lWPkHX50mPuo7qmCOtMSXLUnnuI=/0x0/filters:format(jpeg)/pic6727475.jpg,https://boardgamegeek.com/boardgame/358246/dead-by-daylight-the-board-game
e23b92ad-427f-4574-9dba-1727aa0a0b1c,7DPSE,397931,Deep Regrets,Deep Regrets,standalone,,https://cf.geekdo-images.com/WUvpRzsNSZgq1gyvjiQcWw__original/img/wXnREOcKLkysXorXqRQXKslz-iI=/0x0/filters:format(jpeg)/pic8156363.jpg,https://boardgamegeek.com/boardgame/397931/deep-regrets
7f17bb99-3bcd-4d68-b0be-90e0350d0726,7DPSE,421471,Deep Regrets: Lamentable Tentacles Mini-Expansion,Deep Regrets: Lamentable Tentacles Mini-Expansion,expansion,,https://cf.geekdo-images.com/fc4q35iV-qG26y3qXcs4wQ__original/img/htwpppXFy6laYh2zBKUhbKKuj8k=/0x0/filters:format(png)/pic8296509.png,https://boardgamegeek.com/boardgameexpansion/421471/deep-regrets-lamentable-tentacles-mini-expansion
a9ce2ce4-1274-4738-acb4-99b23e8184e2,7DPSE,369646,Disney Lorcana,Disney Lorcana,standalone,,https://cf.geekdo-images.com/yATIBXRz67ltSBxHwZLosg__original/img/c6DGzaqwqLN3Bb5mRXAXSckVngo=/0x0/filters:format(png)/pic7036897.png,https://boardgamegeek.com/boardgame/369646/disney-lorcana
69c09cd4-704c-4346-a3e2-10368a39404a,7DPSE,430124,Disney Lorcana: Azurite Sea,Disney Lorcana: Azurite Sea,expansion,,ruta/a/imagen/default.png,https://boardgamegeek.com/boardgameexpansion/430124/disney-lorcana-azurite-sea
647c48ec-c6fa-4a0f-874a-432e541466d3,7DPSE,423689,Disney Lorcana: Gateway,Disney Lorcana: Gateway,standalone,,https://cf.geekdo-images.com/nv7I16GQrrWQ01e3RSXTew__original/img/ekJI8jCJymQ6-gJlw6MZSjbfi2M=/0x0/filters:format(png)/pic8272749.png,https://boardgamegeek.com/boardgame/423689/disney-lorcana-gateway
510a593a-caeb-47bf-bcb6-864a5f1dd397,7DPSE,410813,Disney Lorcana: Into the Inklands,Disney Lorcana: Into the Inklands,expansion,,https://cf.geekdo-images.com/LFZjqGWVKzOlsPSjoukwvg__original/img/BwL6-dhSGYQJIz3AWnDE5_dI008=/0x0/filters:format(jpeg)/pic8464134.jpg,https://boardgamegeek.com/boardgameexpansion/410813/disney-lorcana-into-the-inklands
847c3a2b-e456-4beb-9983-41a44dec148a,7DPSE,446207,Disney Lorcana: Reign of Jafar,Disney Lorcana: Reign of Jafar,expansion,,https://cf.geekdo-images.com/ev5wiqWzNkshQo1ncO0whQ__original/img/HFZaCH1RxYhrEq-QZ5pL2aEqA00=/0x0/filters:format(png)/pic8870747.png,https://boardgamegeek.com/boardgameexpansion/446207/disney-lorcana-reign-of-jafar
aecb1daa-3cfd-4eac-94c9-bc96b888d742,7DPSE,423687,Disney Lorcana: Shimmering Skies,Disney Lorcana: Shimmering Skies,expansion,,https://cf.geekdo-images.com/0rvNg_uLYSFkz8mG5n3Gpw__original/img/4go4-AtIKZpQbJoirfGubN937cU=/0x0/filters:format(jpeg)/pic8296187.jpg,https://boardgamegeek.com/boardgameexpansion/423687/disney-lorcana-shimmering-skies
32e62ec7-6a98-4f2d-b738-5793151a2766,7DPSE,403508,Disney Lorcana: The First Chapter,Disney Lorcana: The First Chapter,expansion,,ruta/a/imagen/default.png,https://boardgamegeek.com/boardgameexpansion/403508/disney-lorcana-the-first-chapter
dd2510cb-7674-4b43-8567-e8c80187ade4,7DPSE,423295,Disney Lorcana: Ursula's Return,Disney Lorcana: Ursula's Return,expansion,,ruta/a/imagen/default.png,https://boardgamegeek.com/boardgameexpansion/423295/disney-lorcana-ursulas-return
225572f1-afe6-4285-a743-440d9aa6540a,7DPSE,365581,Disney Sorcerer's Arena: Epic Alliances – Thrills & Chills,Disney Sorcerer's Arena: Epic Alliances – Thrills & Chills,expansion,,ruta/a/imagen/default.png,https://boardgamegeek.com/boardgameexpansion/365581/disney-sorcerers-arena-epic-alliances--thrills--chills
8204d74b-801a-4aa0-8b79-bea659c1cdb0,7DPSE,357746,Disney Sorcerer's Arena: Epic Alliances Core Set,Disney Sorcerer's Arena: Epic Alliances Core Set,standalone,,ruta/a/imagen/default.png,https://boardgamegeek.com/boardgame/357746/disney-sorcerers-arena-epic-alliances-core-set
58f54ead-9f03-4ff9-a944-78fa26bfa7f4,7DPSE,352764,Disney Villainous: Bigger and Badder,Disney Villainous: Bigger and Badder,standalone,,https://cf.geekdo-images.com/p2AffonSuYOAnxCm7KGzCQ__original/img/8nret2QbaYDLOeJf-qjv2LbNgz0=/0x0/filters:format(png)/pic6560851.png,https://boardgamegeek.com/boardgame/352764/disney-villainous-bigger-and-badder
5fa6e012-5cca-485b-9fec-8a67946af83e,7DPSE,331050,Disney Villainous: Despicable Plots,Disney Villainous: Despicable Plots,standalone,,https://cf.geekdo-images.com/Cjb2U8tHS1N1RCDThguFIg__original/img/pyJkjZBOIbGwp5NDGhMlm2bGg7w=/0x0/filters:format(png)/pic5974997.png,https://boardgamegeek.com/boardgame/331050/disney-villainous-despicable-plots
66ac5593-762c-4ecf-8d29-500e1f90280b,7DPSE,284760,Disney Villainous: Evil Comes Prepared,Disney Villainous: Evil Comes Prepared,standalone,,https://cf.geekdo-images.com/iEfri2p4Vqh6QFIxc5IlCg__original/img/it21m6c_rGzW6-K8aGDtbDswGAk=/0x0/filters:format(jpeg)/pic4849477.jpg,https://boardgamegeek.com/boardgame/284760/disney-villainous-evil-comes-prepared
faf5abd2-817c-4368-9d04-086fb2c10c8f,7DPSE,391217,Disney Villainous: Filled with Fright,Disney Villainous: Filled with Fright,expansion,,ruta/a/imagen/default.png,https://boardgamegeek.com/boardgameexpansion/391217/disney-villainous-filled-with-fright
762e5a61-2336-4e30-9aa0-4192f83500fc,7DPSE,391561,Disney Villainous: Introduction to Evil,Disney Villainous: Introduction to Evil,standalone,,ruta/a/imagen/default.png,https://boardgamegeek.com/boardgame/391561/disney-villainous-introduction-to-evil
68203922-80a4-494c-9021-cfb7eda98243,7DPSE,299047,Disney Villainous: Perfectly Wretched,Disney Villainous: Perfectly Wretched,standalone,,ruta/a/imagen/default.png,https://boardgamegeek.com/boardgame/299047/disney-villainous-perfectly-wretched
849e9983-223d-48e1-bd96-fbe032d6f4a1,7DPSE,411003,Disney Villainous: Sugar and Spite,Disney Villainous: Sugar and Spite,standalone,,ruta/a/imagen/default.png,https://boardgamegeek.com/boardgame/411003/disney-villainous-sugar-and-spite
8cf72402-9f31-4c5f-b0cf-67e91f557dce,7DPSE,256382,Disney Villainous: The Worst Takes it All,Disney Villainous: The Worst Takes it All,standalone,,ruta/a/imagen/default.png,https://boardgamegeek.com/boardgame/256382/disney-villainous-the-worst-takes-it-all
021e8f0f-8acf-479f-9e2f-665de6c04255,7DPSE,271518,Disney Villainous: Wicked to the Core,Disney Villainous: Wicked to the Core,standalone,,ruta/a/imagen/default.png,https://boardgamegeek.com/boardgame/271518/disney-villainous-wicked-to-the-core
ef169263-f4d2-4479-b021-2994a66bb1cf,7DPSE,416087,Disney Villains: Gemas De Poder,Disney Villains: Gemas De Poder,standalone,,ruta/a/imagen/default.png,https://boardgamegeek.com/boardgame/416087/disney-villains-gemas-de-poder
13c992d6-a7a8-4465-90a7-de7f882c57c7,7DPSE,254683,Dodos Riding Dinos,Dodos Riding Dinos,standalone,,ruta/a/imagen/default.png,https://boardgamegeek.com/boardgame/254683/dodos-riding-dinos
463315b6-fdf6-47a0-a289-7afa194d6160,7DPSE,363278,Dodos Riding Dinos: Dodo Dash,Dodos Riding Dinos: Dodo Dash,standalone,,ruta/a/imagen/default.png,https://boardgamegeek.com/boardgame/363278/dodos-riding-dinos-dodo-dash
5abf30ed-2a83-438d-9dd8-320ac9f83414,7DPSE,395906,Exploding Kittens: Good Vs Evil,Exploding Kittens: Good Vs Evil,standalone,,ruta/a/imagen/default.png,https://boardgamegeek.com/boardgame/395906/exploding-kittens-good-vs-evil
1d3c2ef9-f6c7-481a-b656-785484872475,7DPSE,256804,Exploding Kittens: Party Pack,Exploding Kittens: Party Pack,standalone,,ruta/a/imagen/default.png,https://boardgamegeek.com/boardgame/256804/exploding-kittens-party-pack
c78e51d6-d859-4610-b229-fea9f93770ee,7DPSE,343282,Exploding Kittens: Recipes for Disaster,Exploding Kittens: Recipes for Disaster,standalone,,https://cf.geekdo-images.com/gbw-3lRou0Xa3hXhGmxLyw__original/img/WoPpM4Wc9MK-wgC8kNyMV-RrESg=/0x0/filters:format(jpeg)/pic6305890.jpg,https://boardgamegeek.com/boardgame/343282/exploding-kittens-recipes-for-disaster
2a234369-7df4-4dbc-b1d6-4f77595f5f4b,7DPSE,260214,Exploding Kittens: Streaking Kittens,Exploding Kittens: Streaking Kittens,expansion,,ruta/a/imagen/default.png,https://boardgamegeek.com/boardgameexpansion/260214/exploding-kittens-streaking-kittens
1fb60dcd-f4fe-4c3b-b2a3-11a2aa32d46d,7DPSE,346205,Explorers of the Woodlands,Explorers of the Woodlands,standalone,,https://cf.geekdo-images.com/LA0EJtun_-1KZsu0Yznxlg__original/img/Ne5wDW9C6-hk4tK_icKrGjNKMtE=/0x0/filters:format(png)/pic6753479.png,https://boardgamegeek.com/boardgame/346205/explorers-of-the-woodlands
b6874b01-853a-4746-b20b-4e60cbc346df,7DPSE,385761,Faraway,Faraway,standalone,,https://cf.geekdo-images.com/u1cwi9BWSKsPxSkVO0BzbA__original/img/jTY6_PRF6FrUgInfMajzobVy0S8=/0x0/filters:format(png)/pic7570101.png,https://boardgamegeek.com/boardgame/385761/faraway
62f60eef-f026-4c5a-b8b9-c55c593d1f01,7DPSE,140,La Feria de las Pulgas de Titirilquén,Pit,standalone,,https://cf.geekdo-images.com/LkEPNu7bPTS1rVRU_Ba-Dg__original/img/rLq4S5WQ8ns2Ez3n3RIwe1_ZI8Y=/0x0/filters:format(jpeg)/pic423644.jpg,https://boardgamegeek.com/boardgame/140/pit
bd66550b-0ba3-44f6-841b-fd3ba051574a,7DPSE,436892,Fierro Viejo,Fierro Viejo,standalone,,https://cf.geekdo-images.com/oKMdL5bJi6GpOYdR_kuRzw__original/img/0eNi9S73_QekmyuJDtVXQG-bM58=/0x0/filters:format(jpeg)/pic8640047.jpg,https://boardgamegeek.com/boardgame/436892/fierro-viejo
531f7fd6-e791-4410-8116-7033d1be439e,7DPSE,277659,Final Girl,Final Girl,standalone,,https://cf.geekdo-images.com/TUtzY-F7gKTIKm9y8e1AQw__original/img/vpBmnZOOyLZA4va7N6S8j9NyGPQ=/0x0/filters:format(jpeg)/pic6520382.jpg,https://boardgamegeek.com/boardgame/277659/final-girl
af81b80a-fd4d-4359-a9de-fe435e725c4f,7DPSE,307686,Final Girl: Carnage at the Carnival,Final Girl: Carnage at the Carnival,expansion,,https://cf.geekdo-images.com/iEGnWjR-7V4dcnN-c6-GJQ__original/img/YsyLqgKpADjCFw4g3_ivLIBJmtw=/0x0/filters:format(jpeg)/pic7486293.jpg,https://boardgamegeek.com/boardgameexpansion/307686/final-girl-carnage-at-the-carnival
582886d8-cf51-4433-97f5-f9543ded90ae,7DPSE,354775,Final Girl: Into the Void,Final Girl: Into the Void,expansion,,https://cf.geekdo-images.com/oqOj6KyCuDfhCWvEkuYDyQ__original/img/XAzTcYl9Cxw15kNwf_78WGxpgcw=/0x0/filters:format(jpeg)/pic8701606.jpg,https://boardgamegeek.com/boardgameexpansion/354775/final-girl-into-the-void
720989b0-35e4-4a98-b9e6-39809cc13926,7DPSE,354776,Final Girl: Panic at Station 2891,Final Girl: Panic at Station 2891,expansion,,https://cf.geekdo-images.com/-UviE4fKJrlxdOwtGoLt7A__original/img/3a8RrFHo-8lAHVcz0kzlzVzRujE=/0x0/filters:format(jpeg)/pic8701605.jpg,https://boardgamegeek.com/boardgameexpansion/354776/final-girl-panic-at-station-2891
73af74ae-37f1-4886-a548-941ec06c75c8,7DPSE,307687,Final Girl: Slaughter in the Groves,Final Girl: Slaughter in the Groves,expansion,,https://cf.geekdo-images.com/AzMtaZy1CtJFXruiWcqW0Q__original/img/BaU7Brz307BCT4qC0fXuAG86C6o=/0x0/filters:format(jpeg)/pic7486294.jpg,https://boardgamegeek.com/boardgameexpansion/307687/final-girl-slaughter-in-the-groves
5a105e15-d2d0-4ffb-b685-452e832aeab2,7DPSE,386835,Final Girl: Starter Set,Final Girl: Starter Set,standalone,,https://cf.geekdo-images.com/qODXwrYYGp4E2rBQITIKBQ__original/img/FmeJ5pOkwr4GESkTc6GhqpECTSc=/0x0/filters:format(jpeg)/pic7694620.jpg,https://boardgamegeek.com/boardgame/386835/final-girl-starter-set
a5dfc304-db4a-44e2-a0c3-b831afe560fc,7DPSE,310177,Final Girl: Terror From Above,Final Girl: Terror From Above,expansion,,https://cf.geekdo-images.com/y4G_nlgi6Fmt_QtP0Nvytw__original/img/2kQdykRXAnkTKbzezy0RxAoDRR4=/0x0/filters:format(jpeg)/pic6515574.jpg,https://boardgamegeek.com/boardgameexpansion/310177/final-girl-terror-from-above
026e4f8b-f213-4ae4-bf6c-f7e9cb88eef1,7DPSE,354824,Final Girl: Terror from the Grave,Final Girl: Terror from the Grave,expansion,,ruta/a/imagen/default.png,https://boardgamegeek.com/boardgameexpansion/354824/final-girl-terror-from-the-grave
d40f3ecc-b2f2-4930-8977-f1746a515257,7DPSE,307683,Final Girl: The Happy Trails Horror,Final Girl: The Happy Trails Horror,expansion,,ruta/a/imagen/default.png,https://boardgamegeek.com/boardgameexpansion/307683/final-girl-the-happy-trails-horror
3b71cfdd-be70-484a-943a-4138a63d1c3e,7DPSE,307684,Final Girl: The Haunting of Creech Manor,Final Girl: The Haunting of Creech Manor,expansion,,ruta/a/imagen/default.png,https://boardgamegeek.com/boardgameexpansion/307684/final-girl-the-haunting-of-creech-manor
f1905e13-aec6-4ef5-9ecd-e0115a074bdd,7DPSE,357963,Fire In The Hole,Fire In The Hole,standalone,,ruta/a/imagen/default.png,https://boardgamegeek.com/boardgame/357963/fire-in-the-hole
29088f34-2788-4fd8-9da9-50b756c80af2,7DPSE,226605,Fire Tower,Fire Tower,standalone,,ruta/a/imagen/default.png,https://boardgamegeek.com/boardgame/226605/fire-tower
1fea9dc7-c93e-4461-9a40-831e14dc6e91,7DPSE,1472,Five Crowns,Five Crowns,standalone,,ruta/a/imagen/default.png,https://boardgamegeek.com/boardgame/1472/five-crowns
e1cacaf8-bbe9-4672-a251-11c1a11dfc00,7DPSE,336986,Flamecraft,Flamecraft,standalone,,ruta/a/imagen/default.png,https://boardgamegeek.com/boardgame/336986/flamecraft
e1be2a67-b9a7-4bab-b0be-b73ba96f335d,7DPSE,420087,Flip 7,Flip 7,standalone,,ruta/a/imagen/default.png,https://boardgamegeek.com/boardgame/420087/flip-7
0b3ae7d7-f98e-49d3-a7f1-57d8515fb903,7DPSE,292033,Funkoverse Strategy Game: DC Comics 101,Funkoverse Strategy Game: DC Comics 101,standalone,,ruta/a/imagen/default.png,https://boardgamegeek.com/boardgame/292033/funkoverse-strategy-game-dc-comics-101
d9707ba2-cb31-47ef-86ea-45568d058602,7DPSE,292029,Funkoverse Strategy Game: Golden Girls 100,Funkoverse Strategy Game: Golden Girls 100,standalone,,ruta/a/imagen/default.png,https://boardgamegeek.com/boardgame/292029/funkoverse-strategy-game-golden-girls-100
a9efe436-4938-44f0-ace8-625a8aa6d451,7DPSE,292031,Funkoverse Strategy Game: Harry Potter 101,Funkoverse Strategy Game: Harry Potter 101,standalone,,https://cf.geekdo-images.com/vQB_69f14snuHl4NGCRc7g__original/img/podC2nuCS8Mv9BdkxZUjcGo0HK4=/0x0/filters:format(png)/pic5008394.png,https://boardgamegeek.com/boardgame/292031/funkoverse-strategy-game-harry-potter-101
2fbdbaf0-68ac-4a54-80f8-22ebf276c3ee,7DPSE,321539,A Game of Cat & Mouth,A Game of Cat & Mouth,standalone,,https://cf.geekdo-images.com/1_cEnRN2mdmxUdeTjjtiaA__original/img/yPSlbK3ST_8GOxcQJEpmCz94lw4=/0x0/filters:format(jpeg)/pic6974496.jpg,https://boardgamegeek.com/boardgame/321539/a-game-of-cat--mouth
34dfd532-ae8e-4f8c-91ec-2a415724adbe,7DPSE,424991,Garden Variety,Garden Variety,standalone,,https://cf.geekdo-images.com/4-_OPgAXStWk8nfO_RIg_A__original/img/5nQ_sN5vEjp0XwG3qzfhEU_gZf8=/0x0/filters:format(jpeg)/pic8318576.jpg,https://boardgamegeek.com/boardgame/424991/garden-variety
d74b1cc8-0a83-408a-a255-cfb5bd1995e7,7DPSE,381072,Gerónimooo!!!,Gerónimooo!!!,standalone,,https://cf.geekdo-images.com/EGYacXvukjCpGI3DKw7VlA__original/img/1l8XvMcyHLBJiirg1yWhxrplpd0=/0x0/filters:format(jpeg)/pic7374650.jpg,https://boardgamegeek.com/boardgame/381072/gernimooo
9f787959-5968-479b-a78c-8b63f1542913,7DPSE,356909,Hand-to-Hand Wombat,Hand-to-Hand Wombat,standalone,,https://cf.geekdo-images.com/U36U-SQTKgW8nsnWiP2A-Q__original/img/_3sViMgTxfyppzOVXDl2a9TjCHI=/0x0/filters:format(png)/pic6700025.png,https://boardgamegeek.com/boardgame/356909/hand-to-hand-wombat
b0ea2cca-c545-4610-8c3f-0153ddc261f5,7DPSE,325414,Happy Little Dinosaurs,Happy Little Dinosaurs,standalone,,ruta/a/imagen/default.png,https://boardgamegeek.com/boardgame/325414/happy-little-dinosaurs
80311322-aca9-4d5d-b8d3-4269e8efc1a5,7DPSE,325451,Happy Little Dinosaurs: 5–6 Player Expansion Pack,Happy Little Dinosaurs: 5–6 Player Expansion Pack,expansion,,https://cf.geekdo-images.com/m7gMHolysUORh8rfKl1lsQ__original/img/W8Br0e0ZhZi_P2EywAQYr_4j7W8=/0x0/filters:format(jpeg)/pic6149877.jpg,https://boardgamegeek.com/boardgameexpansion/325451/happy-little-dinosaurs-56-player-expansion-pack
07fedae8-d950-43ac-a436-90898e1a1fea,7DPSE,395822,Happy Little Dinosaurs: Hazards Ahead,Happy Little Dinosaurs: Hazards Ahead,expansion,,https://cf.geekdo-images.com/AW73q8eExeh2fX-JVpC4Uw__original/img/Xd3x-xqHDHi1sdrI6Piuz7mvw8o=/0x0/filters:format(jpeg)/pic7712223.jpg,https://boardgamegeek.com/boardgameexpansion/395822/happy-little-dinosaurs-hazards-ahead
1fbf84f9-652f-4aa5-80a0-5c0a24c64197,7DPSE,414317,Harmonies,Harmonies,standalone,,https://cf.geekdo-images.com/A_XP2_VN3ugyqPhezowB_w__original/img/_Rv8lSr3fC1oDRkrQleQW2H2yCs=/0x0/filters:format(png)/pic8026369.png,https://boardgamegeek.com/boardgame/414317/harmonies
969f1266-735b-41fa-b534-d9e1b7454363,7DPSE,366013,Heat: Pedal to the Metal,Heat: Pedal to the Metal,standalone,,https://cf.geekdo-images.com/-vOrd4bOspibyohYExLqWg__original/img/iXU8a9WaVlwrkiEiOxWN06y9y5g=/0x0/filters:format(png)/pic6940449.png,https://boardgamegeek.com/boardgame/366013/heat-pedal-to-the-metal
634690e7-e573-4676-88c6-a3dc8375cf27,7DPSE,299252,Here to Slay,Here to Slay,standalone,,https://cf.geekdo-images.com/ozUv3be9fcf28tJk30bNow__original/img/digC3cWVMhV6rlcE0AEcoVkmVI0=/0x0/filters:format(jpeg)/pic5181432.jpg,https://boardgamegeek.com/boardgame/299252/here-to-slay
688a7371-6bf8-4099-a8df-ca6af4dc0b60,7DPSE,349286,Here to Slay: Berserkers & Necromancers,Here to Slay: Berserkers & Necromancers,expansion,,ruta/a/imagen/default.png,https://boardgamegeek.com/boardgameexpansion/349286/here-to-slay-berserkers--necromancers
b7406ff4-ec4e-42e6-8f65-11c1a4e1d563,7DPSE,321259,Here to Slay: Warriors & Druids Expansion,Here to Slay: Warriors & Druids Expansion,expansion,,ruta/a/imagen/default.png,https://boardgamegeek.com/boardgameexpansion/321259/here-to-slay-warriors--druids-expansion
a81485f9-9693-41f8-8a3c-baa481e9d617,7DPSE,313718,Hibachi,Hibachi,standalone,,ruta/a/imagen/default.png,https://boardgamegeek.com/boardgame/313718/hibachi
e7c066fc-747c-4133-99cd-0d29b188176b,7DPSE,397897,Horrified: Greek Monsters,Horrified: Greek Monsters,standalone,,ruta/a/imagen/default.png,https://boardgamegeek.com/boardgame/397897/horrified-greek-monsters
0e6de56a-2db3-4fcd-a7f4-dde3de7f7b93,7DPSE,315954,Hunt A Killer: Death at the Dive Bar,Hunt A Killer: Death at the Dive Bar,standalone,,ruta/a/imagen/default.png,https://boardgamegeek.com/boardgame/315954/hunt-a-killer-death-at-the-dive-bar
891c64cd-f571-4e4b-860f-ad26b1cf258b,7DPSE,346467,Hunt A Killer: Nancy Drew – Mystery at Magnolia Gardens,Hunt A Killer: Nancy Drew – Mystery at Magnolia Gardens,standalone,,ruta/a/imagen/default.png,https://boardgamegeek.com/boardgame/346467/hunt-a-killer-nancy-drew--mystery-at-magnolia-gardens
22b5e3d7-7bbf-4b51-9b3a-967b67649e99,7DPSE,364787,Labyrinth: Disney Villains,Labyrinth: Disney Villains,standalone,,https://cf.geekdo-images.com/FxpAxW--8YkO0WjaI-kl_w__original/img/pGFDWl9XSchy_V6Z5cgYMva8c4M=/0x0/filters:format(jpeg)/pic7399352.jpg,https://boardgamegeek.com/boardgame/364787/labyrinth-disney-villains
e4e32e4f-76fa-4014-afa3-7f8a5339f3f4,7DPSE,423729,Let's Hit Each Other with Fake Swords,Let's Hit Each Other with Fake Swords,standalone,,ruta/a/imagen/default.png,https://boardgamegeek.com/boardgame/423729/lets-hit-each-other-with-fake-swords
85ad639c-6717-4bb8-969e-cc5dadce0717,7DPSE,325829,Let's Summon Demons,Let's Summon Demons,standalone,,ruta/a/imagen/default.png,https://boardgamegeek.com/boardgame/325829/lets-summon-demons
7fb9f34e-e44f-4dd7-8089-e95268dbb49b,7DPSE,335869,A Little Wordy,A Little Wordy,standalone,,ruta/a/imagen/default.png,https://boardgamegeek.com/boardgame/335869/a-little-wordy
a5f7db2f-d33d-4fe4-8d43-0c8d12faf8bc,7DPSE,287228,Mal Trago,Mal Trago,standalone,,ruta/a/imagen/default.png,https://boardgamegeek.com/boardgame/287228/mal-trago
0a5a7a94-eb97-4862-a622-c0a0840e4126,7DPSE,358690,MANTIS,MANTIS,standalone,,ruta/a/imagen/default.png,https://boardgamegeek.com/boardgame/358690/mantis
3b13d330-8582-4f0b-81e4-6be0c50408c5,7DPSE,360152,Marvel Dice Throne: Black Widow v. Doctor Strange,Marvel Dice Throne: Black Widow v. Doctor Strange,standalone,,ruta/a/imagen/default.png,https://boardgamegeek.com/boardgame/360152/marvel-dice-throne-black-widow-v-doctor-strange
cd261708-9025-4f70-b086-77b2d95e44f5,7DPSE,360061,Marvel Dice Throne: Captain Marvel v. Black Panther,Marvel Dice Throne: Captain Marvel v. Black Panther,standalone,,ruta/a/imagen/default.png,https://boardgamegeek.com/boardgame/360061/marvel-dice-throne-captain-marvel-v-black-panther
b18ceeac-b246-4637-848c-52d2940657a3,7DPSE,403511,Marvel Dice Throne: Deadpool,Marvel Dice Throne: Deadpool,expansion,,ruta/a/imagen/default.png,https://boardgamegeek.com/boardgameexpansion/403511/marvel-dice-throne-deadpool
76bb2d95-1759-47b5-ab68-e1a1f928525c,7DPSE,360153,Marvel Dice Throne: Scarlet Witch v. Thor v. Loki v. Spider-Man,Marvel Dice Throne: Scarlet Witch v. Thor v. Loki v. Spider-Man,standalone,,ruta/a/imagen/default.png,https://boardgamegeek.com/boardgame/360153/marvel-dice-throne-scarlet-witch-v-thor-v-loki-v-spider-man
0e19f0ff-3246-468c-9377-18d5422985b1,7DPSE,298047,Marvel United,Marvel United,standalone,,ruta/a/imagen/default.png,https://boardgamegeek.com/boardgame/298047/marvel-united
168c1e6d-03c5-4162-bb7a-26a047ae4b2d,7DPSE,354553,Marvel United: Doctor Strange,Marvel United: Doctor Strange,expansion,,ruta/a/imagen/default.png,https://boardgamegeek.com/boardgameexpansion/354553/marvel-united-doctor-strange
e554a46f-ddff-4a68-9485-3728f8ea658b,7DPSE,303600,Marvel United: Enter the Spider-Verse,Marvel United: Enter the Spider-Verse,expansion,,ruta/a/imagen/default.png,https://boardgamegeek.com/boardgameexpansion/303600/marvel-united-enter-the-spider-verse
edd8d7db-2e0e-4194-92ab-6855f0c5bbf1,7DPSE,379908,Marvel United: Spider-Geddon,Marvel United: Spider-Geddon,standalone,,ruta/a/imagen/default.png,https://boardgamegeek.com/boardgame/379908/marvel-united-spider-geddon
c9a4e847-3c0e-4f9a-92c9-9ef8a9ed13de,7DPSE,302336,Marvel Villainous: Infinite Power,Marvel Villainous: Infinite Power,standalone,,ruta/a/imagen/default.png,https://boardgamegeek.com/boardgame/302336/marvel-villainous-infinite-power
3e8143f1-f18b-4773-9d6a-3c835205262f,7DPSE,335528,Marvel Villainous: Mischief & Malice,Marvel Villainous: Mischief & Malice,standalone,,ruta/a/imagen/default.png,https://boardgamegeek.com/boardgame/335528/marvel-villainous-mischief--malice
0b508700-32b6-4293-b043-dd3a11d5373a,7DPSE,379056,Marvel Villainous: Twisted Ambitions,Marvel Villainous: Twisted Ambitions,standalone,,ruta/a/imagen/default.png,https://boardgamegeek.com/boardgame/379056/marvel-villainous-twisted-ambitions
e52889c2-36a8-4325-8e01-53413f89d176,7DPSE,310100,Nemesis: Lockdown,Nemesis: Lockdown,standalone,,ruta/a/imagen/default.png,https://boardgamegeek.com/boardgame/310100/nemesis-lockdown
c332a74b-ac8c-457c-be2f-b110d992878a,7DPSE,383172,Nightshift,Nightshift,standalone,,https://cf.geekdo-images.com/cUNg4QQqY1LuFQZH3EM-OA__original/img/XZ0vXs4NEojbMstEuy9XlS5Q_No=/0x0/filters:format(jpeg)/pic7431956.jpg,https://boardgamegeek.com/boardgame/383172/nightshift
61b33d16-0669-4c9f-828a-b98efb507d73,7DPSE,365119,Party Panda Pirates,Party Panda Pirates,standalone,,ruta/a/imagen/default.png,https://boardgamegeek.com/boardgame/365119/party-panda-pirates
30ab409f-e5de-4da3-bf1e-58c1827bd90f,7DPSE,424573,Pergola,Pergola,standalone,,ruta/a/imagen/default.png,https://boardgamegeek.com/boardgame/424573/pergola
1185debc-7b91-406b-9d35-7f4297d7b33b,7DPSE,381834,Piñata Blast,Piñata Blast,standalone,,ruta/a/imagen/default.png,https://boardgamegeek.com/boardgame/381834/piata-blast
f86fb9e1-e4c0-4090-8fbc-955989c48ec1,7DPSE,281094,Plunder: A Pirate's Life,Plunder: A Pirate's Life,standalone,,https://cf.geekdo-images.com/e5xwvJIQVWh7Pt2swQmloA__original/img/V5gy4CrjhR8hfwce_PtD5mFKDEg=/0x0/filters:format(jpeg)/pic5243200.jpg,https://boardgamegeek.com/boardgame/281094/plunder-a-pirates-life
a0f49412-6eef-450c-a8e7-f02dbdbdf74e,7DPSE,312786,Poetry for Neanderthals,Poetry for Neanderthals,standalone,,ruta/a/imagen/default.png,https://boardgamegeek.com/boardgame/312786/poetry-for-neanderthals
036a1235-0b8c-4cc5-8991-026934cbfb61,7DPSE,105593,Polilla Tramposa,Cheating Moth,standalone,,ruta/a/imagen/default.png,https://boardgamegeek.com/boardgame/105593/cheating-moth
0d9b2c33-cd70-4554-bc18-44889aa9c263,7DPSE,316287,Quest,Quest,standalone,,https://cf.geekdo-images.com/IwEAO-GRsYdO6WeA0uWtFg__original/img/awIRlc4ZJx_RObIxXz-M2j0f2_8=/0x0/filters:format(jpeg)/pic5578189.jpg,https://boardgamegeek.com/boardgame/316287/quest
22b53354-4fb8-49be-9fe1-07ad2980fe8a,7DPSE,411981,Ranking Top,Ranking Top,standalone,,https://cf.geekdo-images.com/unurzKU9vCCf0Km946CWzQ__original/img/expBkJBdH7jyrAEroTi75uUMYAk=/0x0/filters:format(jpeg)/pic8004539.jpg,https://boardgamegeek.com/boardgame/411981/ranking-top
d951db3b-f763-46c4-b7d6-a11ffb12d5f4,7DPSE,378367,Really Loud Librarians,Really Loud Librarians,standalone,,https://cf.geekdo-images.com/T7rYsKBB-M38VKAOwCXG-w__original/img/ailMBTvhac46iQpsViXsZkSBFSs=/0x0/filters:format(png)/pic7282812.png,https://boardgamegeek.com/boardgame/378367/really-loud-librarians
d11d0bda-5345-4c98-b065-8dedc3eded60,7DPSE,237182,Root,Root,standalone,,https://cf.geekdo-images.com/JUAUWaVUzeBgzirhZNmHHw__original/img/E0s2LvtFA1L5YKk-_44D4u2VD2s=/0x0/filters:format(jpeg)/pic4254509.jpg,https://boardgamegeek.com/boardgame/237182/root
ab86392c-3951-4eaf-bff0-84fddff403d2,7DPSE,334486,Root: Landmarks Pack,Root: Landmarks Pack,expansion,,https://cf.geekdo-images.com/VvEGNGf5DoMTjqwdH2aRpg__original/img/Ucyh7lo-lpBn-d3RwV9FZT1xwwE=/0x0/filters:format(png)/pic6818641.png,https://boardgamegeek.com/boardgameexpansion/334486/root-landmarks-pack
26ea108a-9d7c-4cac-a679-62d6471369d1,7DPSE,336276,Root: Marauder Hirelings Pack & Hireling Box,Root: Marauder Hirelings Pack & Hireling Box,expansion,,https://cf.geekdo-images.com/j2yaeB24ubNLpQZh1Z_KHA__original/img/U2BZD_4fCT9SGtcwMLaxEQi1dac=/0x0/filters:format(jpeg)/pic7134491.jpg,https://boardgamegeek.com/boardgameexpansion/336276/root-marauder-hirelings-pack--hireling-box
2b708e28-1089-4583-9743-2d5f2c7f5c6d,7DPSE,334485,Root: Riverfolk Hirelings Pack,Root: Riverfolk Hirelings Pack,expansion,,https://cf.geekdo-images.com/ThO3HuZcuy_WXVPr-1zC2w__original/img/yo58Nl7savOc0dJ71ugGqaAkfVc=/0x0/filters:format(png)/pic6818590.png,https://boardgamegeek.com/boardgameexpansion/334485/root-riverfolk-hirelings-pack
eafea994-6b8d-44ce-b695-fff972babd39,7DPSE,334483,Root: The Clockwork Expansion 2,Root: The Clockwork Expansion 2,expansion,,https://cf.geekdo-images.com/lES5vHtu7bbw2ssr3ugx9A__original/img/xdpHhFIsV55vGWPnKH4J3o4LzbY=/0x0/filters:format(jpeg)/pic6108376.jpg,https://boardgamegeek.com/boardgameexpansion/334483/root-the-clockwork-expansion-2
889a246d-1930-413b-ac23-633bcd098b41,7DPSE,272638,Root: The Exiles and Partisans Deck,Root: The Exiles and Partisans Deck,expansion,,https://cf.geekdo-images.com/ci78uqda8Oz40A7wozLGaA__original/img/joHuZxT6XAMWr2jl-Kdd6QyQsRo=/0x0/filters:format(png)/pic6330375.png,https://boardgamegeek.com/boardgameexpansion/272638/root-the-exiles-and-partisans-deck
21c5ea2b-837a-4239-9a6a-2345eecaa563,7DPSE,330149,Root: The Marauder Expansion,Root: The Marauder Expansion,expansion,,https://cf.geekdo-images.com/oHWCWBSltJBPAnV5w45-lg__original/img/VuPjRpvOx9_84v8nERSfcnaQxLs=/0x0/filters:format(jpeg)/pic6003595.jpg,https://boardgamegeek.com/boardgameexpansion/330149/root-the-marauder-expansion
87277665-7622-418d-bb0c-8172f44226bc,7DPSE,241386,Root: The Riverfolk Expansion,Root: The Riverfolk Expansion,expansion,,https://cf.geekdo-images.com/durhzLYyIypxg7CuVYe82Q__original/img/xrLTlVUWtteTsoXmYLM2KM190DE=/0x0/filters:format(jpeg)/pic4252654.jpg,https://boardgamegeek.com/boardgameexpansion/241386/root-the-riverfolk-expansion
e391463a-1e3d-41ed-b169-70fcc3cfb0de,7DPSE,272637,Root: The Underworld Expansion,Root: The Underworld Expansion,expansion,,https://cf.geekdo-images.com/LzZVgiX-d1nA_MSmZmH5tA__original/img/QjducX9OMQbVZf6ei1bhuKRWlAs=/0x0/filters:format(jpeg)/pic4608840.jpg,https://boardgamegeek.com/boardgameexpansion/272637/root-the-underworld-expansion
c71efa4f-6bf8-4ba2-b012-26b019438ce9,7DPSE,309977,Root: The Vagabond Pack,Root: The Vagabond Pack,expansion,,https://cf.geekdo-images.com/aEXG9vmArj6d2ZdVpFTMgA__original/img/BLJfHsOQGZgAKNPRAfol-lmMmng=/0x0/filters:format(png)/pic6330378.png,https://boardgamegeek.com/boardgameexpansion/309977/root-the-vagabond-pack
01c0a607-b55a-4605-bb40-bdafdb573855,7DPSE,361193,Root: Underworld Hirelings Pack,Root: Underworld Hirelings Pack,expansion,,https://cf.geekdo-images.com/97wvtAZl84lUnf7Cxuc-TQ__original/img/4zzT4Mtk-vzNBpAt3ed4lbh6Bh4=/0x0/filters:format(png)/pic6819180.png,https://boardgamegeek.com/boardgameexpansion/361193/root-underworld-hirelings-pack
f4b8a5f7-9180-41a4-ba8c-51f6063d9feb,7DPSE,94837,Scotland Yard: The Hunt for Mister X,Scotland Yard: The Hunt for Mister X,standalone,,https://cf.geekdo-images.com/1zL7ow6mUXnpWeKA8tfSTQ__original/img/nkh7a7n_-hiLtCkDmC7Av0Cuyrs=/0x0/filters:format(jpeg)/pic7652289.jpg,https://boardgamegeek.com/boardgame/94837/scotland-yard-the-hunt-for-mister-x
29e6b8a2-03c4-4f22-baa3-a740dd95eb0f,7DPSE,188834,Secret Hitler,Secret Hitler,standalone,,https://cf.geekdo-images.com/rAQ3hIXoH6xDcj41v9iqCg__original/img/7oKwNUYakx3-vHUBLHWVuFNKfl4=/0x0/filters:format(jpeg)/pic5164305.jpg,https://boardgamegeek.com/boardgame/188834/secret-hitler
06988d31-d6d6-4325-ac4a-337faadeea6b,7DPSE,298638,Sheriff of Nottingham: 2nd Edition,Sheriff of Nottingham: 2nd Edition,standalone,,https://cf.geekdo-images.com/VHiB06XHhK6G3vxH9QAwHw__original/img/qmBX9dnhhCo66x4C7vlEpslSxMw=/0x0/filters:format(jpeg)/pic5169196.jpg,https://boardgamegeek.com/boardgame/298638/sheriff-of-nottingham-2nd-edition
62fcd6d7-f7d9-4411-ac20-7f5991995ac7,7DPSE,230765,Side Effects,Side Effects,standalone,,https://cf.geekdo-images.com/8mKYBqNze76OgoOjIdNzcg__original/img/76mu8emmPUcNLWfaV8bvzAE_q7Y=/0x0/filters:format(jpeg)/pic7045357.jpg,https://boardgamegeek.com/boardgame/230765/side-effects
7478842a-95cb-49ad-add9-eeb8b7848a9d,7DPSE,401235,Side Effects: Booster Shot,Side Effects: Booster Shot,expansion,,https://cf.geekdo-images.com/EJOeUPHtgTzFaLc816NJ8Q__original/img/4b_IYrVZT9U25SPyL0oSXBrKVXk=/0x0/filters:format(jpeg)/pic7856184.jpg,https://boardgamegeek.com/boardgameexpansion/401235/side-effects-booster-shot
8e9b9803-16cf-4f66-b6a3-b7091d679909,7DPSE,150145,Skull King,Skull King,standalone,,https://cf.geekdo-images.com/1qvA21HdRaPYwrn4tGDNaQ__original/img/Vn6PK_Ue5TX14oQ5uau4XICHEJU=/0x0/filters:format(jpeg)/pic8689185.jpg,https://boardgamegeek.com/boardgame/150145/skull-king
2588ce3c-0d97-4ba7-85ec-d0680d041a5d,7DPSE,425428,Survive The Island,Survive The Island,standalone,,ruta/a/imagen/default.png,https://boardgamegeek.com/boardgame/425428/survive-the-island
194598b0-9414-401c-aa29-7a10e6e1658a,7DPSE,341876,Taco Back Goat Cheese Pizza,Taco Back Goat Cheese Pizza,standalone,,https://cf.geekdo-images.com/_1J_XrlwF59TBIZDCxcv-Q__original/img/XaDj0cHZM7M7xaFwA9F_u5gBmOU=/0x0/filters:format(png)/pic6927514.png,https://boardgamegeek.com/boardgame/341876/taco-back-goat-cheese-pizza
f79acd84-ca91-419c-b5bb-fbea1b15332e,7DPSE,253664,Taco Cat Goat Cheese Pizza,Taco Cat Goat Cheese Pizza,standalone,,https://cf.geekdo-images.com/GHrnr-Khb0LvBU_QkrC_qA__original/img/1BR5aHWIz_v4ki-YB2IiMuS-uIs=/0x0/filters:format(png)/pic7192024.png,https://boardgamegeek.com/boardgame/253664/taco-cat-goat-cheese-pizza
3b910798-e082-44be-8e68-c12264d3529d,7DPSE,340420,Throw Throw Avocado,Throw Throw Avocado,standalone,,https://cf.geekdo-images.com/_mGtR5kr2eMU1sIzauuLfw__original/img/rN-2_xDMxvJApCWsMmB7uhEjbNE=/0x0/filters:format(jpeg)/pic7073069.jpg,https://boardgamegeek.com/boardgame/340420/throw-throw-avocado
274ba7b9-16ba-4a1b-a188-070ee72ab079,7DPSE,274533,Throw Throw Burrito,Throw Throw Burrito,standalone,,https://cf.geekdo-images.com/5ClVKrQcLkzRdBGiEfjevQ__original/img/NDGN_eKZmO7uJD0l5JIKJkAX24o=/0x0/filters:format(jpeg)/pic7073068.jpg,https://boardgamegeek.com/boardgame/274533/throw-throw-burrito
c2663aa1-a725-4832-99f9-838816fd30d1,7DPSE,274533,Throw Throw Burrito,Throw Throw Burrito,standalone,Extreme Outdoor Edition.,https://cf.geekdo-images.com/5ClVKrQcLkzRdBGiEfjevQ__original/img/NDGN_eKZmO7uJD0l5JIKJkAX24o=/0x0/filters:format(jpeg)/pic7073068.jpg,https://boardgamegeek.com/boardgame/274533/throw-throw-burrito
94507231-17e2-4d49-a09e-42e4eaeca3a6,7DPSE,346296,Tic Tac K.O.: Dragons vs Unicorns,Tic Tac K.O.: Dragons vs Unicorns,standalone,,https://cf.geekdo-images.com/b482uZTe1Jh-Zr7f7oIXxQ__original/img/3BX3EuzlsZZGn3_JWhKPLi6j0QQ=/0x0/filters:format(png)/pic6372026.png,https://boardgamegeek.com/boardgame/346296/tic-tac-ko-dragons-vs-unicorns
0905f70b-02e3-4275-89a7-eda77f362d78,7DPSE,216439,Trash Pandas,Trash Pandas,standalone,,https://cf.geekdo-images.com/y4ysd5L5XvfUysv7gkIbdg__original/img/bkxrMNyahRh4pqR2Jj6tgk4rdTU=/0x0/filters:format(jpeg)/pic3989423.jpg,https://boardgamegeek.com/boardgame/216439/trash-pandas
a9f1a23e-1658-4d66-b544-be58b644f321,7DPSE,429840,Twisted Cryptids,Twisted Cryptids,standalone,,https://cf.geekdo-images.com/LgJxHaMMigomhamCoWK-NQ__original/img/D80TfgJ7HfbGBw_x5c3POTxZ-Aw=/0x0/filters:format(png)/pic8966395.png,https://boardgamegeek.com/boardgame/429840/twisted-cryptids
e5eb109e-bd8b-4a64-b15c-184366dfa721,7DPSE,430837,Twisted Cryptids: Alien Invasion Mini-Expansion,Twisted Cryptids: Alien Invasion Mini-Expansion,expansion,,https://cf.geekdo-images.com/_B9CZoFcl2fH4leABTpuTg__original/img/dNINqDQszJsOsBdZO0RSl0DFGS0=/0x0/filters:format(png)/pic8483585.png,https://boardgamegeek.com/boardgameexpansion/430837/twisted-cryptids-alien-invasion-mini-expansion
2317b1c4-2089-48ba-b177-658418217616,7DPSE,429843,Twisted Cryptids: Cryptid Culture,Twisted Cryptids: Cryptid Culture,expansion,,ruta/a/imagen/default.png,https://boardgamegeek.com/boardgameexpansion/429843/twisted-cryptids-cryptid-culture
d6f9dc8a-26b5-40a0-8369-74b9d96b8ea6,7DPSE,429842,Twisted Cryptids: Exclusive Edition,Twisted Cryptids: Exclusive Edition,standalone,,ruta/a/imagen/default.png,https://boardgamegeek.com/boardgame/429842/twisted-cryptids-exclusive-edition
14e04876-09d4-4692-848e-83b4fc4bf7cd,7DPSE,430529,Twisted Cryptids: Field Trip Mini-Expansion,Twisted Cryptids: Field Trip Mini-Expansion,expansion,,https://cf.geekdo-images.com/gGd8Rw186bOwyqqNPdet3g__original/img/ooA6Ik8jXrM2cgpw1wIvzwYZyTo=/0x0/filters:format(jpeg)/pic8484246.jpg,https://boardgamegeek.com/boardgameexpansion/430529/twisted-cryptids-field-trip-mini-expansion
26e1027e-1c87-488a-bb87-631f0f20efae,7DPSE,429841,Twisted Cryptids: Ness is More,Twisted Cryptids: Ness is More,expansion,,https://cf.geekdo-images.com/o0k7J--peS9lbj3OmsT-og__original/img/EbWuyn59yv-_ffHuUvw1IWxKIg4=/0x0/filters:format(png)/pic8966396.png,https://boardgamegeek.com/boardgameexpansion/429841/twisted-cryptids-ness-is-more
1bebc786-7be8-4f29-bd0c-dc5a07e3a189,7DPSE,430244,Twisted Cryptids: Unicorn Frenzy Mini-Expansion!,Twisted Cryptids: Unicorn Frenzy Mini-Expansion!,expansion,,https://cf.geekdo-images.com/Nm5InVMvIQbOHCwuAF3PJQ__original/img/UpNlywmyc92JsSZJAk4hqNAywsw=/0x0/filters:format(png)/pic8464154.png,https://boardgamegeek.com/boardgameexpansion/430244/twisted-cryptids-unicorn-frenzy-mini-expansion
e0a4185c-bc36-4d81-91f4-98c5c5eccb99,7DPSE,234190,Unstable Unicorns,Unstable Unicorns,standalone,,https://cf.geekdo-images.com/8_5xvpsrrX5JVzO7eBLSgw__original/img/XkKaT-quh8xGl2uHD5zULSWTpuM=/0x0/filters:format(jpeg)/pic3912914.jpg,https://boardgamegeek.com/boardgame/234190/unstable-unicorns
07217be4-b488-4718-8df6-3c6c8d85ced0,7DPSE,180020,Virus!,Virus!,standalone,,https://cf.geekdo-images.com/7Xx4ipXV4lf0Q9mWwitf2w__original/img/reScLMXXNowNt1koQwV5IhYRUc0=/0x0/filters:format(jpeg)/pic6008974.jpg,https://boardgamegeek.com/boardgame/180020/virus
ab28ff10-9038-44f1-b586-8a30e7516b9e,7DPSE,266667,Virus! 2 Evolution,Virus! 2 Evolution,expansion,,https://cf.geekdo-images.com/4EiAemAumbUpbnfZpd_YWw__original/img/r3iO6GEM0ogBPmbiYHZcxcIpQoA=/0x0/filters:format(jpeg)/pic7281385.jpg,https://boardgamegeek.com/boardgameexpansion/266667/virus-2-evolution
3162da33-d769-4eb5-8fe0-2378a92a6ea1,7DPSE,323242,Virus! Halloween,Virus! Halloween,expansion,,https://cf.geekdo-images.com/BOJa-KSGerKk8pjJKqo-OQ__original/img/IrbrkL2FHr-1vrtQp40yt0o5oj4=/0x0/filters:format(jpeg)/pic7586116.jpg,https://boardgamegeek.com/boardgameexpansion/323242/virus-halloween
ba3fbe69-79b7-4cd4-b9ad-b00a98f59c85,7DPSE,355483,Wandering Towers,Wandering Towers,standalone,,https://cf.geekdo-images.com/602eY-xlgkaL3gtyZ7QVVQ__original/img/0pBr7ImqUOKLPUb12_r0_R0MD1M=/0x0/filters:format(jpeg)/pic7347437.jpg,https://boardgamegeek.com/boardgame/355483/wandering-towers
adc434ee-34aa-4049-89cb-81950ce12cf5,7DPSE,266192,Wingspan,Wingspan,standalone,,https://cf.geekdo-images.com/yLZJCVLlIx4c7eJEWUNJ7w__original/img/cI782Zis9cT66j2MjSHKJGnFPNw=/0x0/filters:format(jpeg)/pic4458123.jpg,https://boardgamegeek.com/boardgame/266192/wingspan
60c9644d-1d82-48e3-abe6-39767229c721,7DPSE,336622,Wrong Party,Wrong Party,standalone,,ruta/a/imagen/default.png,https://boardgamegeek.com/boardgame/336622/wrong-party
ca1ef727-160e-4fd5-ad44-40771f9b967e,7DPSE,425077,Zombie Burrito,Zombie Burrito,standalone,,https://cf.geekdo-images.com/s63rtT1VtkgGbacjZP65kw__original/img/HtaXhYw66JX9k7qNyqEM8ARrZUA=/0x0/filters:format(png)/pic8321601.png,https://boardgamegeek.com/boardgame/425077/zombie-burrito
f6410724-c6e3-46dc-986d-ec3143c4c20a,7DPSE,362202,Zombie Kittens,Zombie Kittens,standalone,,https://cf.geekdo-images.com/uyE342LSf5ztt9gxPY1nVQ__original/img/ZvWIt9cZgnpsTTJRKMd5To2BQXk=/0x0/filters:format(jpeg)/pic7241989.jpg,https://boardgamegeek.com/boardgame/362202/zombie-kittens